,name,type,species,period,period_time,continent,lived_in,diet,length,taxonomy,link
0,aardonyx,sauropod,celestae,Jurassic,Early,Africa,South Africa,herbivorous,8.0m,Dinosauria Saurischia Sauropodomorpha Prosauropoda Anchisauria,https://www.nhm.ac.uk/discover/dino-directory/aardonyx.html
1,abelisaurus,large theropod,comahuensis,Cretaceous,Late,South America,Argentina,carnivorous,9.0m,Dinosauria Saurischia Theropoda Neotheropoda Ceratosauria Neoceratosauria Abelisauridae Abelisaurinae,https://www.nhm.ac.uk/discover/dino-directory/abelisaurus.html
2,achelousaurus,ceratopsian,horneri,Cretaceous,Late,North America,United States,herbivorous,6.0m,Dinosauria Ornithischia Genasauria Cerapoda Marginocephalia Ceratopsia Neoceratopsia Coronosauria Ceratopsidae Centrosaurinae,https://www.nhm.ac.uk/discover/dino-directory/achelousaurus.html
3,achillobator,large theropod,giganteus,Cretaceous,Late,Asia,Mongolia,carnivorous,5.0m,Dinosauria Saurischia Theropoda Neotheropoda Tetanurae Avetheropoda Coelurosauria Tyrannoraptora Maniraptoriformes Maniraptora Paraves Eumaniraptora Dromaeosauridae,https://www.nhm.ac.uk/discover/dino-directory/achillobator.html
4,acrocanthosaurus,large theropod,atokensis,Cretaceous,Early,North America,United States,carnivorous,12.0m,Dinosauria Saurischia Theropoda Neotheropoda Tetanurae Avetheropoda Carnosauria Allosauroidea Carcharodontosauridae,https://www.nhm.ac.uk/discover/dino-directory/acrocanthosaurus.html
5,aegyptosaurus,sauropod,baharijensis,Cretaceous,Late,Africa,Egypt,herbivorous,15.0m,Dinosauria Saurischia Sauropodomorpha Sauropoda Eusauropoda Neosauropoda Macronaria Camarasauromorpha Titanosauriformes Titanosauria,https://www.nhm.ac.uk/discover/dino-directory/aegyptosaurus.html
6,afrovenator,large theropod,abakensis,Cretaceous,Early,Africa,Niger,carnivorous,9.0m,Dinosauria Saurischia Theropoda Neotheropoda Tetanurae Spinosauroidea Megalosauridae Eustreptospondylinae,https://www.nhm.ac.uk/discover/dino-directory/afrovenator.html
7,agilisaurus,euornithopod,louderbacki,Jurassic,Late,Asia,China,herbivorous,1.5m,Dinosauria Ornithischia Genasauria Cerapoda Ornithopoda Euornithopoda,https://www.nhm.ac.uk/discover/dino-directory/agilisaurus.html
8,alamosaurus,sauropod,sanjuanensis,Cretaceous,Late,North America,United States,herbivorous,21.0m,Dinosauria Saurischia Sauropodomorpha Sauropoda Eusauropoda Neosauropoda Macronaria Camarasauromorpha Titanosauriformes Titanosauria Lithostrotia,https://www.nhm.ac.uk/discover/dino-directory/alamosaurus.html
9,albertaceratops,ceratopsian,nesmoi,Cretaceous,Late,North America,United States,herbivorous,7.0m,Dinosauria Ornithischia,https://www.nhm.ac.uk/discover/dino-directory/albertaceratops.html
10,albertosaurus,large theropod,libratus,Cretaceous,Late,North America,Canada,carnivorous,9.0m,Dinosauria Saurischia Theropoda Neotheropoda Tetanurae Avetheropoda Coelurosauria Tyrannoraptora Tyrannosauroidea Tyrannosauridae Albertosaurinae,https://www.nhm.ac.uk/discover/dino-directory/albertosaurus.html
11,alectrosaurus,large theropod,olseni,Cretaceous,Late,Asia,Mongolia,carnivorous,5.0m,Dinosauria Saurischia Theropoda Neotheropoda Tetanurae Avetheropoda Coelurosauria Tyrannoraptora Tyrannosauroidea,https://www.nhm.ac.uk/discover/dino-directory/alectrosaurus.html
12,alioramus,large theropod,remotus,Cretaceous,Late,Asia,Mongolia,carnivorous,6.0m,Dinosauria Saurischia Theropoda Neotheropoda Tetanurae Avetheropoda Coelurosauria Tyrannoraptora Tyrannosauroidea,https://www.nhm.ac.uk/discover/dino-directory/alioramus.html
13,allosaurus,large theropod,fragilis,Jurassic,Late,North America,United States,carnivorous,12.0m,Dinosauria Saurischia Theropoda Neotheropoda Tetanurae Avetheropoda Carnosauria Allosauroidea Allosauridae,https://www.nhm.ac.uk/discover/dino-directory/allosaurus.html
14,alvarezsaurus,small theropod,calvoi,Cretaceous,Late,South America,Argentina,carnivorous,2.0m,Dinosauria Saurischia Theropoda Neotheropoda Tetanurae Avetheropoda Coelurosauria Tyrannoraptora Maniraptoriformes Maniraptora Alvarezsauridae,https://www.nhm.ac.uk/discover/dino-directory/alvarezsaurus.html
15,amargasaurus,sauropod,cazaui,Cretaceous,Early,South America,Argentina,herbivorous,12.0m,Dinosauria Saurischia Sauropodomorpha Sauropoda Eusauropoda Neosauropoda Diplodocoidea Dicraeosauridae,https://www.nhm.ac.uk/discover/dino-directory/amargasaurus.html
16,ammosaurus,sauropod,major,Jurassic,Early,North America,United States,herbivorous,5.0m,Dinosauria Saurischia Sauropodomorpha Prosauropoda Anchisauria Anchisauridae,https://www.nhm.ac.uk/discover/dino-directory/ammosaurus.html
17,ampelosaurus,sauropod,atacis,Cretaceous,Late,Europe,France,herbivorous,15.0m,Dinosauria Saurischia Sauropodomorpha Sauropoda Eusauropoda Neosauropoda Macronaria Camarasauromorpha Titanosauriformes Titanosauria Lithostrotia,https://www.nhm.ac.uk/discover/dino-directory/ampelosaurus.html
18,amygdalodon,sauropod,patagonicus,Jurassic,Mid,South America,Argentina,herbivorous,15.0m,Dinosauria Saurischia Sauropodomorpha Sauropoda Eusauropoda,https://www.nhm.ac.uk/discover/dino-directory/amygdalodon.html
19,anchiceratops,ceratopsian,ornatus,Cretaceous,Late,North America,Canada,herbivorous,6.0m,Dinosauria Ornithischia Genasauria Cerapoda Marginocephalia Ceratopsia Neoceratopsia Coronosauria Ceratopsidae Chasmosaurinae,https://www.nhm.ac.uk/discover/dino-directory/anchiceratops.html
20,anchisaurus,sauropod,polyzelous,Jurassic,Early,North America,United States,herbivorous,2.0m,Dinosauria Saurischia Sauropodomorpha Prosauropoda Anchisauria Anchisauridae,https://www.nhm.ac.uk/discover/dino-directory/anchisaurus.html
21,ankylosaurus,armoured dinosaur,magniventris,Cretaceous,Late,North America,United States,herbivorous,7.0m,Dinosauria Ornithischia Genasauria Thyreophora Ankylosauromorpha Ankylosauria Ankylosauridae,https://www.nhm.ac.uk/discover/dino-directory/ankylosaurus.html
22,anserimimus,large theropod,planinychus,Cretaceous,Late,Asia,Mongolia,carnivorous,3.5m,Dinosauria Saurischia Theropoda Neotheropoda Tetanurae Avetheropoda Coelurosauria Tyrannoraptora Maniraptoriformes Ornithomimosauria Ornithomimidae,https://www.nhm.ac.uk/discover/dino-directory/anserimimus.html
23,antarctosaurus,sauropod,wichmannianus,Cretaceous,Late,South America,Uruguay,herbivorous,18.0m,Dinosauria Saurischia Sauropodomorpha Sauropoda Eusauropoda Neosauropoda Macronaria Camarasauromorpha Titanosauriformes Titanosauria Lithostrotia,https://www.nhm.ac.uk/discover/dino-directory/antarctosaurus.html
24,apatosaurus,sauropod,ajax,Jurassic,Late,North America,United States,herbivorous,21.0m,Dinosauria Saurischia Sauropodomorpha Sauropoda Eusauropoda Neosauropoda Diplodocoidea Diplodocidae,https://www.nhm.ac.uk/discover/dino-directory/apatosaurus.html
25,aragosaurus,sauropod,ischiadicus,Cretaceous,Early,Europe,Spain,herbivorous,18.0m,Dinosauria Saurischia Sauropodomorpha Sauropoda Eusauropoda,https://www.nhm.ac.uk/discover/dino-directory/aragosaurus.html
26,aralosaurus,euornithopod,tuberiferus,Cretaceous,Late,Asia,Kazakhstan,herbivorous,8.0m,Dinosauria Ornithischia Genasauria Cerapoda Ornithopoda Euornithopoda Iguanadontia Euiguanadontia Dryomorpha Ankylopollexia Iguanodontoidea Hadrosauridae Euhadrosauria Hadrosaurinae,https://www.nhm.ac.uk/discover/dino-directory/aralosaurus.html
27,archaeoceratops,ceratopsian,oshimai,Cretaceous,Early,Asia,China,herbivorous,1.3m,Dinosauria Ornithischia Genasauria Cerapoda Marginocephalia Ceratopsia Neoceratopsia,https://www.nhm.ac.uk/discover/dino-directory/archaeoceratops.html
28,archaeopteryx,small theropod,lithographica,Jurassic,Late,Europe,Germany,carnivorous,0.5m,Dinosauria Saurischia Theropoda Neotheropoda Tetanurae Avetheropoda Coelurosauria Tyrannoraptora Maniraptoriformes Maniraptora Paraves Eumaniraptoria Avialae Archaeopterygidae,https://www.nhm.ac.uk/discover/dino-directory/archaeopteryx.html
29,archaeornithomimus,small theropod,asiaticus,Cretaceous,Late,Asia,Uzbekistan,carnivorous,3.5m,Dinosauria Saurischia Theropoda Neotheropoda Tetanurae Avetheropoda Coelurosauria Tyrannoraptora Maniraptoriformes Ornithomimosauria Ornithomimidae,https://www.nhm.ac.uk/discover/dino-directory/archaeornithomimus.html
30,argentinosaurus,sauropod,huinculensis,Cretaceous,Late,South America,Argentina,herbivorous,35.0m,Dinosauria Saurischia Sauropodomorpha Sauropoda Eusauropoda Neosauropoda Macronaria Camarasauromorpha Titanosauriformes Titanosauria,https://www.nhm.ac.uk/discover/dino-directory/argentinosaurus.html
31,arrhinoceratops,ceratopsian,brachyops,Cretaceous,Late,North America,Canada,herbivorous,6.0m,Dinosauria Ornithischia Genasauria Cerapoda Marginocephalia Ceratopsia Neoceratopsia Coronosauria Ceratopsidae Chasmosaurinae,https://www.nhm.ac.uk/discover/dino-directory/arrhinoceratops.html
32,atlascopcosaurus,euornithopod,loadsi,Cretaceous,Early,Oceania,Australia,herbivorous,3.0m,Dinosauria Ornithischia Genasauria Cerapoda Ornithopoda Euornithopoda,https://www.nhm.ac.uk/discover/dino-directory/atlascopcosaurus.html
33,aucasaurus,large theropod,garridoi,Cretaceous,Late,South America,Argentina,carnivorous,5.0m,Dinosauria Saurischia Theropoda Neotheropoda Ceratosauria Neoceratosauria Abelisauroidea Abelisauria,https://www.nhm.ac.uk/discover/dino-directory/aucasaurus.html
34,austrosaurus,sauropod,mckillopi,Cretaceous,Early,Oceania,Australia,herbivorous,15.0m,Dinosauria Saurischia Sauropodomorpha Sauropoda Eusauropoda Neosauropoda Macronaria Camarasauromorpha Titanosauriformes Titanosauria,https://www.nhm.ac.uk/discover/dino-directory/austrosaurus.html
35,avaceratops,ceratopsian,lammersi,Cretaceous,Late,North America,United States,herbivorous,2.3m,Dinosauria Ornithischia Genasauria Cerapoda Marginocephalia Ceratopsia Neoceratopsia Coronosauria Ceratopsidae Centrosaurinae,https://www.nhm.ac.uk/discover/dino-directory/avaceratops.html
36,avimimus,small theropod,portentosus,Cretaceous,Late,Asia,Mongolia,omnivorous,1.5m,Dinosauria Saurischia Theropoda Neotheropoda Tetanurae Avetheropoda Coelurosauria Tyrannoraptora Maniraptoriformes Maniraptora Oviraptorosauria Avimimidae,https://www.nhm.ac.uk/discover/dino-directory/avimimus.html
37,bactrosaurus,euornithopod,johnsoni,Cretaceous,Late,Asia,China,herbivorous,6.0m,Dinosauria Ornithischia Genasauria Cerapoda Ornithopoda Euornithopoda Iguanadontia Euiguanadontia Dryomorpha Ankylopollexia Iguanodontoidea Hadrosauridae,https://www.nhm.ac.uk/discover/dino-directory/bactrosaurus.html
38,bagaceratops,ceratopsian,rozhdestvenskyi,Cretaceous,Late,Asia,Mongolia,herbivorous,1.0m,Dinosauria Ornithischia Genasauria Cerapoda Marginocephalia Ceratopsia Neoceratopsia Bagaceratopsidae,https://www.nhm.ac.uk/discover/dino-directory/bagaceratops.html
39,bambiraptor,small theropod,feinbergorum,Cretaceous,Late,North America,United States,carnivorous,1.0m,Dinosauria Saurischia Theropoda Neotheropoda Tetanurae Avetheropoda Coelurosauria Tyrannoraptora Maniraptoriformes Maniraptora Paraves Eumaniraptora Dromaeosauridae,https://www.nhm.ac.uk/discover/dino-directory/bambiraptor.html
40,barapasaurus,sauropod,tagorei,Jurassic,Early,Asia,India,herbivorous,14.0m,Dinosauria Saurischia Sauropodomorpha Sauropoda Eusauropoda Cetiosauridae,https://www.nhm.ac.uk/discover/dino-directory/barapasaurus.html
41,barosaurus,sauropod,lentus,Jurassic,Late,North America,United States,herbivorous,24.0m,Dinosauria Saurischia Sauropodomorpha Sauropoda Eusauropoda Neosauropoda Diplodocoidea Diplodocidae,https://www.nhm.ac.uk/discover/dino-directory/barosaurus.html
42,baryonyx,large theropod,walkeri,Cretaceous,Early,Europe,United Kingdom,carnivorous,10.0m,Dinosauria Saurischia Theropoda Neotheropoda Tetanurae Spinosauroidea Spinosauridae Baryonychinae,https://www.nhm.ac.uk/discover/dino-directory/baryonyx.html
43,becklespinax,large theropod,altispinax,Cretaceous,Early,Europe,United Kingdom,carnivorous,5.0m,Dinosauria Saurischia Theropoda Neotheropoda Tetanurae,https://www.nhm.ac.uk/discover/dino-directory/becklespinax.html
44,beipiaosaurus,small theropod,inexpectus,Cretaceous,Early,Asia,China,omnivorous,2.0m,Dinosauria Saurischia Theropoda Neotheropoda Tetanurae Avetheropoda Coelurosauria Tyrannoraptora Maniraptoriformes Maniraptora Therizinosauroidea,https://www.nhm.ac.uk/discover/dino-directory/beipiaosaurus.html
45,bellusaurus,sauropod,sui,Jurassic,Mid,Asia,China,herbivorous,5.0m,Dinosauria Saurischia Sauropodomorpha Sauropoda Eusauropoda Neosauropoda Macronaria,https://www.nhm.ac.uk/discover/dino-directory/bellusaurus.html
46,borogovia,small theropod,gracilicrus,Cretaceous,Late,Asia,Mongolia,carnivorous,1.5m,Dinosauria Saurischia Theropoda Neotheropoda Tetanurae Avetheropoda Coelurosauria Tyrannoraptora Maniraptoriformes Maniraptora Paraves Eumaniraptoria Troodontidae,https://www.nhm.ac.uk/discover/dino-directory/borogovia.html
47,brachiosaurus,sauropod,altithorax,Jurassic,Late,North America,United States,herbivorous,30.0m,Dinosauria Saurischia Sauropodomorpha Sauropoda Eusauropoda Neosauropoda Macronaria Camarasauromorpha Titanosauriformes Brachiosauridae,https://www.nhm.ac.uk/discover/dino-directory/brachiosaurus.html
48,brachylophosaurus,euornithopod,canadensis,Cretaceous,Late,North America,United States,herbivorous,7.0m,Dinosauria Ornithischia Genasauria Cerapoda Ornithopoda Euornithopoda Iguanadontia Euiguanadontia Dryomorpha Ankylopollexia Iguanodontoidea Hadrosauridae Euhadrosauria Hadrosaurinae,https://www.nhm.ac.uk/discover/dino-directory/brachylophosaurus.html
49,brachytrachelopan,sauropod,mesai,Jurassic,Mid,South America,Argentina,herbivorous,10.0m,Dinosauria Saurischia Sauropodomorpha Sauropoda Eusauropoda Neosauropoda Diplodocoidea Dicraeosauridae,https://www.nhm.ac.uk/discover/dino-directory/brachytrachelopan.html
50,buitreraptor,small theropod,gonzalezorum,Cretaceous,Late,South America,Argentina,carnivorous,1.3m,Dinosauria Saurischia Theropoda Neotheropoda Tetanurae Avetheropoda Coelurosauria Tyrannoraptora Maniraptoriformes Maniraptora Paraves Eumaniraptora Dromaeosauridae Unenlagiinae,https://www.nhm.ac.uk/discover/dino-directory/buitreraptor.html
51,camarasaurus,sauropod,supremus,Jurassic,Late,North America,United States,herbivorous,23.0m,Dinosauria Saurischia Sauropodomorpha Sauropoda Eusauropoda Neosauropoda Macronaria Camarasauromorpha Camarasauridae,https://www.nhm.ac.uk/discover/dino-directory/camarasaurus.html
52,camptosaurus,euornithopod,dispar,Jurassic,Late,North America,United States,herbivorous,5.0m,Dinosauria Ornithischia Genasauria Cerapoda Ornithopoda Euornithopoda Iguanadontia Euiguanadontia Dryomorpha Ankylopollexia,https://www.nhm.ac.uk/discover/dino-directory/camptosaurus.html
53,carcharodontosaurus,large theropod,saharicus,Cretaceous,Late,Africa,North Africa,carnivorous,15.0m,Dinosauria Saurischia Theropoda Neotheropoda Tetanurae Avetheropoda Carnosauria Allosauroidea Carcharodontosauridae,https://www.nhm.ac.uk/discover/dino-directory/carcharodontosaurus.html
54,carnotaurus,large theropod,sastrei,Cretaceous,Late,South America,Argentina,carnivorous,7.6m,Dinosauria Saurischia Theropoda Neotheropoda Ceratosauria Neoceratosauria Abelisauridae,https://www.nhm.ac.uk/discover/dino-directory/carnotaurus.html
55,caudipteryx,small theropod,zoui,Cretaceous,Early,Asia,China,omnivorous,1.0m,Dinosauria Saurischia Theropoda Neotheropoda Tetanurae Avetheropoda Coelurosauria Tyrannoraptora Maniraptoriformes Maniraptora Oviraptorosauria Caudipterygidae,https://www.nhm.ac.uk/discover/dino-directory/caudipteryx.html
56,cedarpelta,armoured dinosaur,bilbeyhallorum,Cretaceous,Early,North America,United States,herbivorous,10.0m,Dinosauria Ornithischia Genasauria Thyreophora Ankylosauromorpha Ankylosauria Ankylosauridae,https://www.nhm.ac.uk/discover/dino-directory/cedarpelta.html
57,centrosaurus,ceratopsian,,Cretaceous,Late,North America,Canada,herbivorous,6.0m,Dinosauria Ornithischia Genasauria Cerapoda Marginocephalia Ceratopsia Neoceratopsia Coronosauria Ceratopsidae Centrosaurinae,https://www.nhm.ac.uk/discover/dino-directory/centrosaurus.html
58,ceratosaurus,large theropod,nasicornis,Jurassic,Late,North America,United States,carnivorous,6.0m,Dinosauria Saurischia Theropoda Neotheropoda Ceratosauria Neoceratosauria,https://www.nhm.ac.uk/discover/dino-directory/ceratosaurus.html
59,cetiosauriscus,sauropod,stewarti,Jurassic,Mid,Europe,United Kingdom,herbivorous,15.0m,Dinosauria Saurischia Sauropodomorpha Sauropoda Eusauropoda Neosauropoda Diplodocoidea,https://www.nhm.ac.uk/discover/dino-directory/cetiosauriscus.html
60,cetiosaurus,sauropod,oxoniensis,Jurassic,Mid,Europe,United Kingdom,herbivorous,18.0m,Dinosauria Saurischia Sauropodomorpha Sauropoda Eusauropoda Cetiosauridae,https://www.nhm.ac.uk/discover/dino-directory/cetiosaurus.html
61,chaoyangsaurus,ceratopsian,youngi,Jurassic,Late,Asia,China,herbivorous,1.1m,Dinosauria Ornithischia Genasauria Cerapoda Marginocephalia Ceratopsia Neoceratopsia,https://www.nhm.ac.uk/discover/dino-directory/chaoyangsaurus.html
62,chasmosaurus,ceratopsian,,Cretaceous,Late,North America,Canada,herbivorous,5.0m,Dinosauria Ornithischia Genasauria Cerapoda Marginocephalia Ceratopsia Neoceratopsia Coronosauria Ceratopsidae Chasmosaurinae,https://www.nhm.ac.uk/discover/dino-directory/chasmosaurus.html
63,chindesaurus,small theropod,bryansmalli,Triassic,Late,North America,United States,carnivorous,4.0m,Dinosauria Saurischia Theropoda Herrerasauridae,https://www.nhm.ac.uk/discover/dino-directory/chindesaurus.html
64,chinshakiangosaurus,sauropod,zhongheensis,Jurassic,Late,Asia,China,herbivorous,11.0m,Dinosauria Saurischia Sauropodomorpha Sauropoda,https://www.nhm.ac.uk/discover/dino-directory/chinshakiangosaurus.html
65,chirostenotes,small theropod,pergracilis,Jurassic,Late,North America,Canada,omnivorous,1.7m,Dinosauria Saurischia Theropoda Neotheropoda Tetanurae Avetheropoda Coelurosauria Tyrannoraptora Maniraptoriformes Maniraptora Oviraptorosauria Caenagnathoidea Caenagnathidae,https://www.nhm.ac.uk/discover/dino-directory/chirostenotes.html
66,chubutisaurus,sauropod,insignis,Cretaceous,Early,South America,Argentina,herbivorous,23.0m,Dinosauria Saurischia Sauropodomorpha Sauropoda Eusauropoda Neosauropoda Macronaria Camarasauromorpha Titanosauriformes Titanosauria,https://www.nhm.ac.uk/discover/dino-directory/chubutisaurus.html
67,chungkingosaurus,armoured dinosaur,jiangbeiensis,Jurassic,Late,Asia,China,herbivorous,4.0m,Dinosauria Ornithischia Genasauria Thyreophora Stegosauria Stegosauridae Stegosaurinae,https://www.nhm.ac.uk/discover/dino-directory/chungkingosaurus.html
68,citipati,small theropod,osmolskae,Cretaceous,Late,Asia,Mongolia,omnivorous,2.1m,Dinosauria Saurischia Theropoda Neotheropoda Tetanurae Avetheropoda Coelurosauria Tyrannoraptora Maniraptoriformes Maniraptora Oviraptorosauria Caenagnathoidea Oviraptoridae Oviraptorinae,https://www.nhm.ac.uk/discover/dino-directory/citipati.html
69,coelophysis,small theropod,,Triassic,Late,Africa,Zimbabwe,carnivorous,2.0m,Dinosauria Saurischia Theropoda Neotheropoda Coelophysoidea Coelophysidae,https://www.nhm.ac.uk/discover/dino-directory/coelophysis.html
70,coelurus,small theropod,fragilis,Jurassic,Late,North America,United States,carnivorous,1.8m,Dinosauria Saurischia Theropoda Neotheropoda Tetanurae Avetheropoda Coelurosauria,https://www.nhm.ac.uk/discover/dino-directory/coelurus.html
71,coloradisaurus,sauropod,brevis,Triassic,Late,South America,Argentina,omnivorous,4.0m,Dinosauria Saurischia Sauropodomorpha Prosauropoda Plateosauria Plateosauridae,https://www.nhm.ac.uk/discover/dino-directory/coloradisaurus.html
72,compsognathus,small theropod,longipes,Jurassic,Late,Europe,Germany,carnivorous,0.65m,Dinosauria Saurischia Theropoda Neotheropoda Tetanurae Avetheropoda Coelurosauria Compsognathidae,https://www.nhm.ac.uk/discover/dino-directory/compsognathus.html
73,conchoraptor,small theropod,gracilis,Cretaceous,Late,Asia,Mongolia,carnivorous,1.5m,Dinosauria Saurischia Theropoda Neotheropoda Tetanurae Avetheropoda Coelurosauria Tyrannoraptora Maniraptoriformes Maniraptora Oviraptorosauria Caenagnathoidea Oviraptoridae Ingeniinae,https://www.nhm.ac.uk/discover/dino-directory/conchoraptor.html
74,confuciusornis,small theropod,sanctus,Cretaceous,Early,Asia,China,carnivorous,0.25m,Dinosauria Saurischia Theropoda Neotheropoda Tetanurae Avetheropoda Coelurosauria Tyrannoraptora Maniraptoriformes Maniraptora Paraves Eumaniraptoria Avialae Ornithurae Avibrevicauda Pygostylia Confuciusornithidae,https://www.nhm.ac.uk/discover/dino-directory/confuciusornis.html
75,corythosaurus,euornithopod,casuarius,Cretaceous,Late,North America,United States,herbivorous,10.0m,Dinosauria Ornithischia Genasauria Cerapoda Ornithopoda Euornithopoda Iguanadontia Euiguanadontia Dryomorpha Ankylopollexia Iguanodontoidea Hadrosauridae Euhadrosauria Lambeosaurinae,https://www.nhm.ac.uk/discover/dino-directory/corythosaurus.html
76,cryolophosaurus,large theropod,elliotti,Jurassic,Early,Antarctica,Antarctica,carnivorous,8.0m,Dinosauria Saurischia Theropoda Neotheropoda Tetanurae Avetheropoda Carnosauria,https://www.nhm.ac.uk/discover/dino-directory/cryolophosaurus.html
77,dacentrurus,armoured dinosaur,armatus,Jurassic,Late,Europe,United Kingdom,herbivorous,6.0m,Dinosauria Ornithischia Genasauria Thyreophora Stegosauria Stegosauridae,https://www.nhm.ac.uk/discover/dino-directory/dacentrurus.html
78,daspletosaurus,large theropod,torosus,Cretaceous,Late,North America,Canada,carnivorous,9.0m,Dinosauria Saurischia Theropoda Neotheropoda Tetanurae Avetheropoda Coelurosauria Tyrannoraptora Tyrannosauroidea Tyrannosauridae Tyrannosaurinae,https://www.nhm.ac.uk/discover/dino-directory/daspletosaurus.html
79,datousaurus,sauropod,bashanensis,Jurassic,Mid,Asia,China,herbivorous,15.0m,Dinosauria Saurischia Sauropodomorpha Sauropoda,https://www.nhm.ac.uk/discover/dino-directory/datousaurus.html
80,deinocheirus,large theropod,mirificus,Cretaceous,Late,Asia,Mongolia,omnivorous,10.0m,Dinosauria Saurischia Theropoda Neotheropoda Tetanurae Avetheropoda Coelurosauria Tyrannoraptora Maniraptoriformes Ornithomimosauria,https://www.nhm.ac.uk/discover/dino-directory/deinocheirus.html
81,deinonychus,small theropod,antirrhopus,Cretaceous,Early,North America,United States,carnivorous,3.0m,Dinosauria Saurischia Theropoda Neotheropoda Tetanurae Avetheropoda Coelurosauria Tyrannoraptora Maniraptoriformes Maniraptora Paraves Eumaniraptora Dromaeosauridae,https://www.nhm.ac.uk/discover/dino-directory/deinonychus.html
82,deltadromeus,large theropod,agilis,Cretaceous,Late,Africa,Morocco,carnivorous,8.1m,Dinosauria Saurischia Theropoda Neotheropoda Tetanurae Avetheropoda Coelurosauria,https://www.nhm.ac.uk/discover/dino-directory/deltadromeus.html
83,dicraeosaurus,sauropod,hansemanni,Jurassic,Late,Africa,Tanzania,herbivorous,20.0m,Dinosauria Saurischia Sauropodomorpha Sauropoda Eusauropoda Neosauropoda Diplodocoidea Dicraeosauridae,https://www.nhm.ac.uk/discover/dino-directory/dicraeosaurus.html
84,dilophosaurus,large theropod,,Jurassic,Early,North America,United States,carnivorous,6.0m,Dinosauria Saurischia Theropoda Neotheropoda Dilophosauridae,https://www.nhm.ac.uk/discover/dino-directory/dilophosaurus.html
85,diplodocus,sauropod,longus,Jurassic,Late,North America,United States,herbivorous,26.0m,Dinosauria Saurischia Sauropodomorpha Sauropoda Eusauropoda Neosauropoda Diplodocoidea Diplodocidae,https://www.nhm.ac.uk/discover/dino-directory/diplodocus.html
86,dromaeosaurus,small theropod,albertensis,Cretaceous,Late,North America,United States,carnivorous,1.8m,Dinosauria Saurischia Theropoda Neotheropoda Tetanurae Avetheropoda Coelurosauria Tyrannoraptora Maniraptoriformes Maniraptora Paraves Eumaniraptora Dromaeosauridae,https://www.nhm.ac.uk/discover/dino-directory/dromaeosaurus.html
87,dromiceiomimus,large theropod,brevitertius,Cretaceous,Late,North America,Canada,omnivorous,3.5m,Dinosauria Saurischia Theropoda Neotheropoda Tetanurae Avetheropoda Coelurosauria Tyrannoraptora Maniraptoriformes Ornithomimosauria Ornithomimidae,https://www.nhm.ac.uk/discover/dino-directory/dromiceiomimus.html
88,dryosaurus,euornithopod,altus,Jurassic,Late,North America,United States,herbivorous,4.0m,Dinosauria Ornithischia Genasauria Cerapoda Ornithopoda Euornithopoda Iguanadontia Euiguanadontia Dryomorpha Dryosauridae,https://www.nhm.ac.uk/discover/dino-directory/dryosaurus.html
89,dryptosaurus,large theropod,aquilunguis,Cretaceous,Late,North America,United States,carnivorous,6.4m,Dinosauria Saurischia Theropoda Neotheropoda Tetanurae Avetheropoda Coelurosauria Tyrannoraptora Tyrannosauroidea,https://www.nhm.ac.uk/discover/dino-directory/dryptosaurus.html
90,dubreuillosaurus,large theropod,valesdunensis,Jurassic,Late,Europe,France,carnivorous,,Dinosauria Saurischia Theropoda Neotheropoda Tetanurae Spinosauroidea Megalosauridae Eustreptospondylinae,https://www.nhm.ac.uk/discover/dino-directory/dubreuillosaurus.html
91,edmontonia,armoured dinosaur,longiceps,Cretaceous,Late,North America,Canada,herbivorous,4.0m,Dinosauria Ornithischia Genasauria Thyreophora Ankylosauromorpha Ankylosauria Nodosauridae,https://www.nhm.ac.uk/discover/dino-directory/edmontonia.html
92,edmontosaurus,euornithopod,regalis,Cretaceous,Late,North America,Canada,herbivorous,13.0m,Dinosauria Ornithischia Genasauria Cerapoda Ornithopoda Euornithopoda Iguanadontia Euiguanadontia Dryomorpha Ankylopollexia Iguanodontoidea Hadrosauridae Euhadrosauria Hadrosaurinae,https://www.nhm.ac.uk/discover/dino-directory/edmontosaurus.html
93,einiosaurus,ceratopsian,procurvicornis,Cretaceous,Late,North America,United States,herbivorous,6.0m,Dinosauria Ornithischia Genasauria Cerapoda Marginocephalia Ceratopsia Neoceratopsia Coronosauria Ceratopsidae Centrosaurinae,https://www.nhm.ac.uk/discover/dino-directory/einiosaurus.html
94,elaphrosaurus,large theropod,bambergi,Jurassic,Late,Africa,Tanzania,carnivorous,6.2m,Dinosauria Saurischia Theropoda Neotheropoda Ceratosauria Neoceratosauria,https://www.nhm.ac.uk/discover/dino-directory/elaphrosaurus.html
95,emausaurus,armoured dinosaur,ernsti,Jurassic,Mid,Europe,Germany,herbivorous,2.0m,Dinosauria Ornithischia Genasauria Thyreophora,https://www.nhm.ac.uk/discover/dino-directory/emausaurus.html
96,eolambia,euornithopod,caroljonesa,Cretaceous,Late,North America,United States,herbivorous,,Dinosauria Ornithischia Genasauria Cerapoda Ornithopoda Euornithopoda Iguanadontia Euiguanadontia Dryomorpha Ankylopollexia Iguanodontoidea,https://www.nhm.ac.uk/discover/dino-directory/eolambia.html
97,eoraptor,small theropod,lunensis,Triassic,Late,South America,Argentina,carnivorous,1.0m,Dinosauria Saurischia Theropoda,https://www.nhm.ac.uk/discover/dino-directory/eoraptor.html
98,eotyrannus,large theropod,lengi,Cretaceous,Early,Europe,United Kingdom,carnivorous,5.0m,Dinosauria Saurischia Theropoda Neotheropoda Tetanurae Avetheropoda Coelurosauria Tyrannoraptora Tyrannosauroidea,https://www.nhm.ac.uk/discover/dino-directory/eotyrannus.html
99,equijubus,euornithopod,normani,Cretaceous,Early,Asia,China,herbivorous,,Dinosauria Ornithischia Genasauria Cerapoda Ornithopoda Euornithopoda Iguanadontia Euiguanadontia Dryomorpha Ankylopollexia Iguanodontoidea,https://www.nhm.ac.uk/discover/dino-directory/equijubus.html
100,erketu,sauropod,ellisoni,Cretaceous,Early,Asia,Mongolia,herbivorous,15.0m,Dinosauria Saurischia Sauropodomorpha Sauropoda Eusauropoda Neosauropoda Macronaria Camarasauromorpha Titanosauriformes Titanosauria,https://www.nhm.ac.uk/discover/dino-directory/erketu.html
101,erlikosaurus,small theropod,andrewsi,Cretaceous,Late,Asia,Mongolia,omnivorous,3.4m,Dinosauria Saurischia Theropoda Neotheropoda Tetanurae Avetheropoda Coelurosauria Tyrannoraptora Maniraptoriformes Maniraptora Therizinosauroidea Therizinosauridae,https://www.nhm.ac.uk/discover/dino-directory/erlikosaurus.html
102,euhelopus,sauropod,zdanskyi,Jurassic,Late,Asia,China,herbivorous,10.0m,Dinosauria Saurischia Sauropodomorpha Sauropoda Eusauropoda,https://www.nhm.ac.uk/discover/dino-directory/euhelopus.html
103,euoplocephalus,armoured dinosaur,,Cretaceous,Late,North America,United States,herbivorous,7.0m,Dinosauria Ornithischia Genasauria Thyreophora Ankylosauromorpha Ankylosauria Ankylosauridae,https://www.nhm.ac.uk/discover/dino-directory/euoplocephalus.html
104,europasaurus,sauropod,holgeri,Jurassic,Late,Europe,Germany,herbivorous,6.2m,Dinosauria Saurischia Sauropodomorpha Sauropoda Eusauropoda Neosauropoda Macronaria,https://www.nhm.ac.uk/discover/dino-directory/europasaurus.html
105,eustreptospondylus,large theropod,oxoniensis,Jurassic,Mid,Europe,United Kingdom,carnivorous,7.0m,Dinosauria Saurischia Theropoda Neotheropoda Tetanurae Spinosauroidea Megalosauridae Eustreptospondylinae,https://www.nhm.ac.uk/discover/dino-directory/eustreptospondylus.html
106,fukuiraptor,large theropod,kitadaniensis,Cretaceous,Early,Asia,Japan,carnivorous,4.2m,Dinosauria Saurischia Theropoda Neotheropoda Tetanurae Avetheropoda Carnosauria,https://www.nhm.ac.uk/discover/dino-directory/fukuiraptor.html
107,fukuisaurus,euornithopod,tetoriensius,Cretaceous,Early,Asia,Japan,herbivorous,4.7m,Dinosauria Ornithischia Genasauria Cerapoda Ornithopoda Euornithopoda Iguanadontia Euiguanadontia Dryomorpha Ankylopollexia Iguanodontoidea,https://www.nhm.ac.uk/discover/dino-directory/fukuisaurus.html
108,gallimimus,large theropod,bullatus,Cretaceous,Late,Asia,Mongolia,omnivorous,6.0m,Dinosauria Saurischia Theropoda Neotheropoda Tetanurae Avetheropoda Coelurosauria Tyrannoraptora Maniraptoriformes Ornithomimosauria Ornithomimidae,https://www.nhm.ac.uk/discover/dino-directory/gallimimus.html
109,gargoyleosaurus,armoured dinosaur,parkpinorum,Jurassic,Late,North America,United States,herbivorous,4.0m,Dinosauria Ornithischia Genasauria Thyreophora Ankylosauromorpha Ankylosauria,https://www.nhm.ac.uk/discover/dino-directory/gargoyleosaurus.html
110,garudimimus,large theropod,brevipes,Cretaceous,Late,Asia,Mongolia,omnivorous,4.7m,Dinosauria Saurischia Theropoda Neotheropoda Tetanurae Avetheropoda Coelurosauria Tyrannoraptora Maniraptoriformes Ornithomimosauria,https://www.nhm.ac.uk/discover/dino-directory/garudimimus.html
111,gasosaurus,small theropod,constructus,Jurassic,Mid,Asia,China,carnivorous,4.0m,Dinosauria Saurischia Theropoda Neotheropoda Tetanurae Avetheropoda,https://www.nhm.ac.uk/discover/dino-directory/gasosaurus.html
112,gasparinisaura,euornithopod,cincosaltensis,Cretaceous,Late,South America,Argentina,herbivorous,0.8m,Dinosauria Ornithischia Genasauria Cerapoda Ornithopoda Euornithopoda,https://www.nhm.ac.uk/discover/dino-directory/gasparinisaura.html
113,gastonia,armoured dinosaur,burgei,Cretaceous,Early,North America,United States,herbivorous,4.6m,Dinosauria Ornithischia Genasauria Thyreophora Ankylosauromorpha Ankylosauria,https://www.nhm.ac.uk/discover/dino-directory/gastonia.html
114,giganotosaurus,large theropod,carolinii,Cretaceous,Early,South America,Argentina,carnivorous,12.5m,Dinosauria Saurischia Theropoda Neotheropoda Tetanurae Avetheropoda Carnosauria Allosauroidea Carcharodontosauridae,https://www.nhm.ac.uk/discover/dino-directory/giganotosaurus.html
115,gilmoreosaurus,euornithopod,mongoliensis,Cretaceous,Late,Asia,China,herbivorous,6.0m,Dinosauria Ornithischia Genasauria Cerapoda Ornithopoda Euornithopoda Iguanadontia Euiguanadontia Dryomorpha Ankylopollexia Iguanodontoidea Hadrosauridae,https://www.nhm.ac.uk/discover/dino-directory/gilmoreosaurus.html
116,giraffatitan,sauropod,brancai,Jurassic,Late,Africa,Tanzania,herbivorous,23.0m,Dinosauria Saurischia Sauropodomorpha Sauropoda Eusauropoda Neosauropoda Macronaria Camarasauromorpha Titanosauriformes Brachiosauridae,https://www.nhm.ac.uk/discover/dino-directory/giraffatitan.html
117,gobisaurus,armoured dinosaur,domoculus,Cretaceous,Early,Asia,China,herbivorous,5.0m,Dinosauria Ornithischia Genasauria Thyreophora Ankylosauromorpha Ankylosauria Ankylosauridae,https://www.nhm.ac.uk/discover/dino-directory/gobisaurus.html
118,gorgosaurus,large theropod,libratus,Cretaceous,Late,North America,United States,carnivorous,8.6m,Dinosauria Saurischia Theropoda Neotheropoda Tetanurae Avetheropoda Coelurosauria Tyrannoraptora Tyrannosauroidea Tyrannosauridae Albertosaurinae,https://www.nhm.ac.uk/discover/dino-directory/gorgosaurus.html
119,goyocephale,large theropod,lattimorei,Cretaceous,Late,Asia,Mongolia,herbivorous,2.0m,Dinosauria Ornithischia Genasauria Cerapoda Marginocephalia Pachycephalosauria Goyocephala,https://www.nhm.ac.uk/discover/dino-directory/goyocephale.html
120,graciliceratops,ceratopsian,mongoliensis,Cretaceous,Late,Asia,Mongolia,herbivorous,,Dinosauria Ornithischia Genasauria Cerapoda Marginocephalia Ceratopsia Neoceratopsia,https://www.nhm.ac.uk/discover/dino-directory/graciliceratops.html
121,gryposaurus,euornithopod,notabilis,Cretaceous,Late,North America,United States,herbivorous,10.0m,Dinosauria Ornithischia Genasauria Cerapoda Ornithopoda Euornithopoda Iguanadontia Euiguanadontia Dryomorpha Ankylopollexia Iguanodontoidea Hadrosauridae Euhadrosauria Hadrosaurinae,https://www.nhm.ac.uk/discover/dino-directory/gryposaurus.html
122,guaibasaurus,small theropod,candelariensis,Triassic,Late,South America,Brazil,herbivorous,1.8m,Dinosauria Saurischia Theropoda,https://www.nhm.ac.uk/discover/dino-directory/guaibasaurus.html
123,guanlong,small theropod,wucaii,Jurassic,Late,Asia,China,carnivorous,3.0m,Dinosauria Saurischia Theropoda Neotheropoda Tetanurae Avetheropoda Coelurosauria Tyrannoraptora Tyrannosauroidea,https://www.nhm.ac.uk/discover/dino-directory/guanlong.html
124,hadrosaurus,euornithopod,foulkii,Cretaceous,Late,North America,United States,herbivorous,9.0m,Dinosauria Ornithischia Genasauria Cerapoda Ornithopoda Euornithopoda Iguanadontia Euiguanadontia Dryomorpha Ankylopollexia Iguanodontoidea Hadrosauridae Euhadrosauria Hadrosaurinae,https://www.nhm.ac.uk/discover/dino-directory/hadrosaurus.html
125,haplocanthosaurus,sauropod,priscus,Jurassic,Late,North America,United States,herbivorous,21.5m,Dinosauria Saurischia Sauropodomorpha Sauropoda Eusauropoda Neosauropoda Macronaria Camarasauromorpha Camarasauridae,https://www.nhm.ac.uk/discover/dino-directory/haplocanthosaurus.html
126,harpymimus,small theropod,okladnikovi,Cretaceous,Early,Asia,Mongolia,omnivorous,2.0m,Dinosauria Saurischia Theropoda Neotheropoda Tetanurae Avetheropoda Coelurosauria Tyrannoraptora Maniraptoriformes Ornithomimosauria,https://www.nhm.ac.uk/discover/dino-directory/harpymimus.html
127,herrerasaurus,small theropod,ischigualastensis,Triassic,Late,South America,Argentina,carnivorous,3.0m,Dinosauria Saurischia Theropoda Herrerasauridae,https://www.nhm.ac.uk/discover/dino-directory/herrerasaurus.html
128,hesperosaurus,armoured dinosaur,mjosi,Jurassic,Late,North America,United States,herbivorous,6.0m,Dinosauria Ornithischia Genasauria Thyreophora Stegosauria Stegosauridae Stegosaurinae,https://www.nhm.ac.uk/discover/dino-directory/hesperosaurus.html
129,heterodontosaurus,euornithopod,tucki,Jurassic,Early,Africa,South Africa,herbivorous,1.2m,Dinosauria Ornithischia Genasauria Cerapoda Heterodontosauridae,https://www.nhm.ac.uk/discover/dino-directory/heterodontosaurus.html
130,heyuannia,small theropod,yanshini,Cretaceous,Late,Asia,Mongolia,omnivorous,2.0m,Dinosauria Saurischia Theropoda Neotheropoda Tetanurae Avetheropoda Coelurosauria Tyrannoraptora Maniraptoriformes Maniraptora Oviraptorosauria Caenagnathoidea Oviraptoridae Ingeniinae,https://www.nhm.ac.uk/discover/dino-directory/heyuannia.html
131,homalocephale,euornithopod,calathocercos,Cretaceous,Late,Asia,Mongolia,herbivorous,1.5m,Dinosauria Ornithischia Genasauria Cerapoda Marginocephalia Pachycephalosauria Goyocephala Homalocephaloidea,https://www.nhm.ac.uk/discover/dino-directory/homalocephale.html
132,huayangosaurus,armoured dinosaur,taibaii,Jurassic,Mid,Asia,China,herbivorous,4.5m,Dinosauria Ornithischia Genasauria Thyreophora Stegosauria Huayangosauridae,https://www.nhm.ac.uk/discover/dino-directory/huayangosaurus.html
133,hylaeosaurus,armoured dinosaur,armatus,Cretaceous,Early,Europe,United Kingdom,herbivorous,5.0m,Dinosauria Ornithischia Genasauria Thyreophora Ankylosauromorpha Ankylosauria,https://www.nhm.ac.uk/discover/dino-directory/hylaeosaurus.html
134,hypacrosaurus,euornithopod,altispinus,Cretaceous,Late,North America,United States,herbivorous,9.0m,Dinosauria Ornithischia Genasauria Cerapoda Ornithopoda Euornithopoda Iguanadontia Euiguanadontia Dryomorpha Ankylopollexia Iguanodontoidea Hadrosauridae Euhadrosauria Lambeosaurinae,https://www.nhm.ac.uk/discover/dino-directory/hypacrosaurus.html
135,hypsilophodon,euornithopod,foxii,Cretaceous,Early,Europe,United Kingdom,herbivorous,2.3m,Dinosauria Ornithischia Genasauria Cerapoda Ornithopoda Euornithopoda Hypsilophodontidae,https://www.nhm.ac.uk/discover/dino-directory/hypsilophodon.html
136,iguanodon,euornithopod,bernissartensis,Cretaceous,Early,Europe,United Kingdom,herbivorous,10.0m,Dinosauria Ornithischia Genasauria Cerapoda Ornithopoda Euornithopoda Iguanadontia Euiguanadontia Dryomorpha Ankylopollexia Iguanodontoidea,https://www.nhm.ac.uk/discover/dino-directory/iguanodon.html
137,indosuchus,large theropod,raptorius,Cretaceous,Late,Asia,India,carnivorous,7.0m,Dinosauria Saurischia Theropoda Neotheropoda Ceratosauria Neoceratosauria,https://www.nhm.ac.uk/discover/dino-directory/indosuchus.html
138,irritator,large theropod,challengeri,Cretaceous,Early,South America,Brazil,carnivorous,6.5m,Dinosauria Saurischia Theropoda Neotheropoda Tetanurae Spinosauroidea Spinosauridae Spinosaurinae,https://www.nhm.ac.uk/discover/dino-directory/irritator.html
139,isisaurus,sauropod,colberti,Cretaceous,Late,Asia,India,herbivorous,,Dinosauria Saurischia Sauropodomorpha Sauropoda Eusauropoda Neosauropoda Macronaria Camarasauromorpha Titanosauriformes Titanosauria Lithostrotia,https://www.nhm.ac.uk/discover/dino-directory/isisaurus.html
140,janenschia,sauropod,robusta,Jurassic,Late,Africa,Tanzania,herbivorous,20.0m,Dinosauria Saurischia Sauropodomorpha Sauropoda Eusauropoda Neosauropoda Macronaria Camarasauromorpha Titanosauriformes Titanosauria,https://www.nhm.ac.uk/discover/dino-directory/janenschia.html
141,jaxartosaurus,euornithopod,aralensis,Cretaceous,Late,Asia,Kazakhstan,herbivorous,9.0m,Dinosauria Ornithischia Genasauria Cerapoda Ornithopoda Euornithopoda Iguanadontia Euiguanadontia Dryomorpha Ankylopollexia Iguanodontoidea Hadrosauridae Euhadrosauria Lambeosaurinae,https://www.nhm.ac.uk/discover/dino-directory/jaxartosaurus.html
142,jingshanosaurus,sauropod,xinwaensis,Jurassic,Early,Asia,China,herbivorous,5.0m,Dinosauria Saurischia Sauropodomorpha Prosauropoda Plateosauria,https://www.nhm.ac.uk/discover/dino-directory/jingshanosaurus.html
143,jinzhousaurus,euornithopod,yangi,Cretaceous,Early,Asia,China,herbivorous,,Dinosauria Ornithischia Genasauria Cerapoda Ornithopoda Euornithopoda Iguanadontia Euiguanadontia Dryomorpha Ankylopollexia Iguanodontoidea,https://www.nhm.ac.uk/discover/dino-directory/jinzhousaurus.html
144,jobaria,sauropod,tiguidensis,Cretaceous,Early,Africa,Niger,herbivorous,21.0m,Dinosauria Saurischia Sauropodomorpha Sauropoda Eusauropoda Neosauropoda Macronaria,https://www.nhm.ac.uk/discover/dino-directory/jobaria.html
145,juravenator,small theropod,starki,Jurassic,Late,Europe,Germany,carnivorous,0.8m,Dinosauria Saurischia Theropoda Neotheropoda Tetanurae Avetheropoda Coelurosauria Compsognathidae,https://www.nhm.ac.uk/discover/dino-directory/juravenator.html
146,kentrosaurus,armoured dinosaur,aethiopicus,Jurassic,Late,Africa,Tanzania,herbivorous,5.0m,Dinosauria Ornithischia Genasauria Thyreophora Stegosauria Stegosauridae Stegosaurinae,https://www.nhm.ac.uk/discover/dino-directory/kentrosaurus.html
147,khaan,small theropod,mckennai,Cretaceous,Late,Asia,Mongolia,omnivorous,1.8m,Dinosauria Saurischia Theropoda Neotheropoda Tetanurae Avetheropoda Coelurosauria Tyrannoraptora Maniraptoriformes Maniraptora Oviraptorosauria Caenagnathoidea Oviraptoridae Ingeniinae,https://www.nhm.ac.uk/discover/dino-directory/khaan.html
148,kotasaurus,sauropod,yamanpalliensis,Jurassic,Early,Asia,India,herbivorous,9.0m,Dinosauria Saurischia Sauropodomorpha Sauropoda,https://www.nhm.ac.uk/discover/dino-directory/kotasaurus.html
149,kritosaurus,euornithopod,navajovius,Cretaceous,Late,North America,United States,herbivorous,8.0m,Dinosauria Ornithischia Genasauria Cerapoda Ornithopoda Euornithopoda Iguanadontia Euiguanadontia Dryomorpha Ankylopollexia Iguanodontoidea Hadrosauridae Euhadrosauria Hadrosaurinae,https://www.nhm.ac.uk/discover/dino-directory/kritosaurus.html
150,lambeosaurus,euornithopod,lambei,Cretaceous,Late,North America,Canada,herbivorous,9.0m,Dinosauria Ornithischia Genasauria Cerapoda Ornithopoda Euornithopoda Iguanadontia Euiguanadontia Dryomorpha Ankylopollexia Iguanodontoidea Hadrosauridae Euhadrosauria Lambeosaurinae,https://www.nhm.ac.uk/discover/dino-directory/lambeosaurus.html
151,lapparentosaurus,sauropod,madagascariensis,Jurassic,Mid,Africa,Madagascar,herbivorous,,Dinosauria Saurischia Sauropodomorpha Sauropoda Eusauropoda Neosauropoda Macronaria Camarasauromorpha Titanosauriformes,https://www.nhm.ac.uk/discover/dino-directory/lapparentosaurus.html
152,leaellynasaura,euornithopod,amicagraphica,Cretaceous,Early,Oceania,Australia,herbivorous,2.0m,Dinosauria Ornithischia Genasauria Cerapoda Ornithopoda Euornithopoda,https://www.nhm.ac.uk/discover/dino-directory/leaellynasaura.html
153,leptoceratops,ceratopsian,gracilis,Cretaceous,Late,North America,United States,herbivorous,3.0m,Dinosauria Ornithischia Genasauria Cerapoda Marginocephalia Ceratopsia Neoceratopsia Coronosauria,https://www.nhm.ac.uk/discover/dino-directory/leptoceratops.html
154,lesothosaurus,1.0m,diagnosticus,Jurassic,Early,Africa,Lesotho,herbivorous,,Dinosauria Ornithischia,https://www.nhm.ac.uk/discover/dino-directory/lesothosaurus.html
155,liaoceratops,ceratopsian,yanzigouensis,Cretaceous,Early,Asia,China,herbivorous,,Dinosauria Ornithischia Genasauria Cerapoda Marginocephalia Ceratopsia Neoceratopsia,https://www.nhm.ac.uk/discover/dino-directory/liaoceratops.html
156,ligabuesaurus,sauropod,leanzai,Cretaceous,Early,South America,Argentina,herbivorous,24.0m,Dinosauria Saurischia Sauropodomorpha Sauropoda Eusauropoda Neosauropoda Macronaria Camarasauromorpha Titanosauriformes Titanosauria,https://www.nhm.ac.uk/discover/dino-directory/ligabuesaurus.html
157,liliensternus,small theropod,liliensterni,Triassic,Late,Europe,Germany,carnivorous,5.0m,Dinosauria Saurischia Theropoda Neotheropoda,https://www.nhm.ac.uk/discover/dino-directory/liliensternus.html
158,lophorhothon,euornithopod,atopus,Cretaceous,Late,North America,United States,herbivorous,4.5m,Dinosauria Ornithischia Genasauria Cerapoda Ornithopoda Euornithopoda Iguanadontia Euiguanadontia Dryomorpha Ankylopollexia Iguanodontoidea Hadrosauridae Euhadrosauria Hadrosaurinae,https://www.nhm.ac.uk/discover/dino-directory/lophorhothon.html
159,lophostropheus,large theropod,airelensis,Jurassic,Early,Europe,France,carnivorous,6.2m,Dinosauria Saurischia,https://www.nhm.ac.uk/discover/dino-directory/lophostropheus.html
160,lufengosaurus,sauropod,huenei,Jurassic,Early,Asia,China,herbivorous,6.0m,Dinosauria Saurischia Sauropodomorpha Prosauropoda Plateosauria Plateosauridae,https://www.nhm.ac.uk/discover/dino-directory/lufengosaurus.html
161,lurdusaurus,euornithopod,arenatus,Cretaceous,Early,Africa,Niger,herbivorous,9.0m,Dinosauria Ornithischia Genasauria Cerapoda Ornithopoda Euornithopoda Iguanadontia Euiguanadontia Dryomorpha Ankylopollexia Iguanodontoidea,https://www.nhm.ac.uk/discover/dino-directory/lurdusaurus.html
162,lycorhinus,euornithopod,angustidens,Triassic,Late,Africa,South Africa,herbivorous,1.2m,Dinosauria Ornithischia Genasauria Cerapoda Heterodontosauridae,https://www.nhm.ac.uk/discover/dino-directory/lycorhinus.html
163,magyarosaurus,sauropod,dacus,Cretaceous,Late,Europe,Romania,herbivorous,5.0m,Dinosauria Saurischia Sauropodomorpha Sauropoda Eusauropoda Neosauropoda Macronaria Camarasauromorpha Titanosauriformes Titanosauria Lithostrotia,https://www.nhm.ac.uk/discover/dino-directory/magyarosaurus.html
164,maiasaura,euornithopod,peeblesorum,Cretaceous,Late,North America,United States,herbivorous,9.0m,Dinosauria Ornithischia Genasauria Cerapoda Ornithopoda Euornithopoda Iguanadontia Euiguanadontia Dryomorpha Ankylopollexia Iguanodontoidea Hadrosauridae Euhadrosauria Hadrosaurinae,https://www.nhm.ac.uk/discover/dino-directory/maiasaura.html
165,majungasaurus,large theropod,atopus,Cretaceous,Late,Africa,Madagascar,carnivorous,6.0m,Dinosauria Saurischia Theropoda Neotheropoda Ceratosauria Neoceratosauria Abelisauridae,https://www.nhm.ac.uk/discover/dino-directory/majungasaurus.html
166,malawisaurus,sauropod,dixeyi,Cretaceous,Early,Africa,Malawi,herbivorous,9.0m,Dinosauria Saurischia Sauropodomorpha Sauropoda Eusauropoda Neosauropoda Macronaria Camarasauromorpha Titanosauriformes Titanosauria Lithostrotia,https://www.nhm.ac.uk/discover/dino-directory/malawisaurus.html
167,mamenchisaurus,sauropod,constructus,Jurassic,Late,Asia,China,herbivorous,22.0m,Dinosauria Saurischia Sauropodomorpha Sauropoda Eusauropoda,https://www.nhm.ac.uk/discover/dino-directory/mamenchisaurus.html
168,mapusaurus,large theropod,roseae,Cretaceous,Late,South America,Argentina,carnivorous,13.0m,Dinosauria Saurischia Theropoda Neotheropoda Tetanurae Avetheropoda Carnosauria Allosauroidea Allosauridae Charcharodontosauridae Giganotosaurinae,https://www.nhm.ac.uk/discover/dino-directory/mapusaurus.html
169,marshosaurus,large theropod,bicentesimus,Jurassic,Late,North America,United States,carnivorous,6.0m,Dinosauria Saurischia Theropoda Neotheropoda Tetanurae Avetheropoda,https://www.nhm.ac.uk/discover/dino-directory/marshosaurus.html
170,masiakasaurus,small theropod,knopfleri,Cretaceous,Late,Africa,Madagascar,carnivorous,2.0m,Dinosauria Saurischia Theropoda Neotheropoda Ceratosauria Neoceratosauria Abelisauroidea Abelisauria,https://www.nhm.ac.uk/discover/dino-directory/masiakasaurus.html
171,massospondylus,sauropod,carinatus,Jurassic,Early,Africa,Zimbabwe,omnivorous,4.0m,Dinosauria Saurischia Sauropodomorpha Prosauropoda Plateosauria Plateosauridae,https://www.nhm.ac.uk/discover/dino-directory/massospondylus.html
172,maxakalisaurus,sauropod,topai,Cretaceous,Late,South America,Brazil,herbivorous,13.0m,Dinosauria Saurischia Sauropodomorpha Sauropoda Eusauropoda Neosauropoda Macronaria Camarasauromorpha Titanosauriformes Titanosauria Lithostrotia Saltasauridae Saltasaurinae,https://www.nhm.ac.uk/discover/dino-directory/maxakalisaurus.html
173,megalosaurus,large theropod,bucklandii,Jurassic,Mid,Europe,United Kingdom,carnivorous,9.0m,Dinosauria Saurischia Theropoda Neotheropoda Tetanurae Spinosauroidea Megalosauridae Megalosaurinae,https://www.nhm.ac.uk/discover/dino-directory/megalosaurus.html
174,melanorosaurus,sauropod,readi,Triassic,Late,Africa,South Africa,omnivorous,12.0m,Dinosauria Saurischia Sauropodomorpha Prosauropoda Anchisauria Melanorosauridae,https://www.nhm.ac.uk/discover/dino-directory/melanorosaurus.html
175,metriacanthosaurus,large theropod,parkeri,Jurassic,Late,Europe,United Kingdom,carnivorous,8.2m,Dinosauria Saurischia Theropoda Neotheropoda Tetanurae,https://www.nhm.ac.uk/discover/dino-directory/metriacanthosaurus.html
176,microceratus,ceratopsian,gobiensis,Cretaceous,Late,Asia,Mongolia,herbivorous,0.5m,Dinosauria Ornithischia Genasauria Cerapoda Marginocephalia Ceratopsia Neoceratopsia Coronosauria,https://www.nhm.ac.uk/discover/dino-directory/microceratus.html
177,micropachycephalosaurus,ceratopsian,hongtuyanensis,Cretaceous,Late,Asia,China,herbivorous,0.6m,Dinosauria Ornithischia Genasauria Cerapoda Marginocephalia Pachycephalosauria,https://www.nhm.ac.uk/discover/dino-directory/micropachycephalosaurus.html
178,microraptor,small theropod,zhaoianus,Cretaceous,Early,Asia,China,carnivorous,0.8m,Dinosauria Saurischia Theropoda Neotheropoda Tetanurae Avetheropoda Coelurosauria Tyrannoraptora Maniraptoriformes Maniraptora Paraves Eumaniraptora Dromaeosauridae,https://www.nhm.ac.uk/discover/dino-directory/microraptor.html
179,minmi,armoured dinosaur,paravertebra,Cretaceous,Early,Oceania,Australia,herbivorous,3.0m,Dinosauria Ornithischia Genasauria Thyreophora Ankylosauromorpha Ankylosauria,https://www.nhm.ac.uk/discover/dino-directory/minmi.html
180,monolophosaurus,large theropod,jiangi,Jurassic,Mid,Asia,China,carnivorous,5.7m,Dinosauria Saurischia Theropoda Neotheropoda Tetanurae Avetheropoda Carnosauria,https://www.nhm.ac.uk/discover/dino-directory/monolophosaurus.html
181,mononykus,small theropod,olecranus,Cretaceous,Late,Asia,Mongolia,unknown,1.0m,Dinosauria Saurischia Theropoda Neotheropoda Tetanurae Avetheropoda Coelurosauria Tyrannoraptora Maniraptoriformes Maniraptora Alvarezsauridae,https://www.nhm.ac.uk/discover/dino-directory/mononykus.html
182,mussaurus,sauropod,patagonicus,Triassic,Late,South America,Argentina,herbivorous,3.0m,Dinosauria Saurischia Sauropodomorpha Prosauropoda Plateosauria Plateosauridae,https://www.nhm.ac.uk/discover/dino-directory/mussaurus.html
183,muttaburrasaurus,euornithopod,langdoni,Cretaceous,Early,Oceania,Australia,herbivorous,7.0m,Dinosauria Ornithischia Genasauria Cerapoda Ornithopoda Euornithopoda Iguanadontia Euiguanadontia Dryomorpha Ankylopollexia Iguanodontoidea,https://www.nhm.ac.uk/discover/dino-directory/muttaburrasaurus.html
184,nanshiungosaurus,large theropod,brevispinus,Cretaceous,Late,Asia,China,omnivorous,4.4m,Dinosauria Saurischia Theropoda Neotheropoda Tetanurae Avetheropoda Coelurosauria Tyrannoraptora Maniraptoriformes Maniraptora Therizinosauroidea Therizinosauridae,https://www.nhm.ac.uk/discover/dino-directory/nanshiungosaurus.html
185,nedoceratops,ceratopsian,hatcheri,Cretaceous,Late,North America,United States,herbivorous,7.0m,Dinosauria Ornithischia Genasauria Cerapoda Marginocephalia Ceratopsia Neoceratopsia Coronosauria Ceratopsidae Chasmosaurinae,https://www.nhm.ac.uk/discover/dino-directory/nedoceratops.html
186,nemegtosaurus,sauropod,mongoliensis,Cretaceous,Late,Asia,Mongolia,herbivorous,13.0m,Dinosauria Saurischia Sauropodomorpha Sauropoda Eusauropoda Neosauropoda Diplodocoidea Nemegtosauridae,https://www.nhm.ac.uk/discover/dino-directory/nemegtosaurus.html
187,neovenator,large theropod,salerii,Cretaceous,Early,Europe,United Kingdom,carnivorous,7.4m,Dinosauria Saurischia Theropoda Neotheropoda Tetanurae Avetheropoda Carnosauria Allosauroidea Carcharodontosauridae,https://www.nhm.ac.uk/discover/dino-directory/neovenator.html
188,neuquenosaurus,sauropod,australis,Cretaceous,Late,South America,Argentina,herbivorous,10.0m,Dinosauria Saurischia Sauropodomorpha Sauropoda Eusauropoda Neosauropoda Macronaria Camarasauromorpha Titanosauriformes Titanosauria Lithostrotia Saltasauridae,https://www.nhm.ac.uk/discover/dino-directory/neuquenosaurus.html
189,nigersaurus,sauropod,taqueti,Cretaceous,Early,Africa,Tunisia,herbivorous,15.0m,Dinosauria Saurischia Sauropodomorpha Sauropoda Eusauropoda Neosauropoda Diplodocoidea Rebbachisauridae,https://www.nhm.ac.uk/discover/dino-directory/nigersaurus.html
190,nipponosaurus,euornithopod,sachalinensis,Cretaceous,Late,Asia,Russia,herbivorous,,Dinosauria Ornithischia Genasauria Cerapoda Ornithopoda Euornithopoda Iguanadontia Euiguanadontia Dryomorpha Ankylopollexia Iguanodontoidea Hadrosauridae Euhadrosauria Lambeosaurinae,https://www.nhm.ac.uk/discover/dino-directory/nipponosaurus.html
191,noasaurus,small theropod,leali,Cretaceous,Late,South America,Argentina,carnivorous,1.0m,Dinosauria Saurischia Theropoda Neotheropoda Ceratosauria Neoceratosauria Abelisauroidea Abelisauria,https://www.nhm.ac.uk/discover/dino-directory/noasaurus.html
192,nodosaurus,armoured dinosaur,textilis,Cretaceous,Early,North America,United States,herbivorous,5.0m,Dinosauria Ornithischia Genasauria Thyreophora Ankylosauromorpha Ankylosauria Nodosauridae,https://www.nhm.ac.uk/discover/dino-directory/nodosaurus.html
193,nomingia,small theropod,gobiensis,Cretaceous,Late,Asia,Mongolia,omnivorous,1.6m,Dinosauria Saurischia Theropoda Neotheropoda Tetanurae Avetheropoda Coelurosauria Tyrannoraptora Maniraptoriformes Maniraptora Oviraptorosauria Caenagnathoidea Caenagnathidae,https://www.nhm.ac.uk/discover/dino-directory/nomingia.html
194,nothronychus,large theropod,mckinleyi,Cretaceous,Late,North America,United States,omnivorous,5.3m,Dinosauria Saurischia Theropoda Neotheropoda Tetanurae Avetheropoda Coelurosauria Tyrannoraptora Maniraptoriformes Maniraptora Therizinosauroidea Therizinosauridae,https://www.nhm.ac.uk/discover/dino-directory/nothronychus.html
195,nqwebasaurus,small theropod,thwazi,Jurassic,Mid,Africa,South Africa,carnivorous,1.0m,Dinosauria Saurischia Theropoda Neotheropoda Tetanurae Avetheropoda Coelurosauria,https://www.nhm.ac.uk/discover/dino-directory/nqwebasaurus.html
196,omeisaurus,sauropod,junghsiensis,Jurassic,Mid,Asia,China,herbivorous,20.0m,Dinosauria Saurischia Sauropodomorpha Sauropoda Eusauropoda,https://www.nhm.ac.uk/discover/dino-directory/omeisaurus.html
197,opisthocoelicaudia,sauropod,skarzynskii ,Cretaceous,Late,Asia,Mongolia,herbivorous,12.0m,Dinosauria Saurischia Sauropodomorpha Sauropoda Eusauropoda Neosauropoda Macronaria Camarasauromorpha Titanosauriformes Titanosauria Lithostrotia Saltasauridae,https://www.nhm.ac.uk/discover/dino-directory/opisthocoelicaudia.html
198,ornitholestes,small theropod,hermanni,Jurassic,Late,North America,United States,carnivorous,2.0m,Dinosauria Saurischia Theropoda Neotheropoda Tetanurae Avetheropoda Coelurosauria,https://www.nhm.ac.uk/discover/dino-directory/ornitholestes.html
199,ornithomimus,large theropod,velox,Cretaceous,Late,North America,United States,omnivorous,4.0m,Dinosauria Saurischia Theropoda Neotheropoda Tetanurae Avetheropoda Coelurosauria Tyrannoraptora Maniraptoriformes Ornithomimosauria Ornithomimidae,https://www.nhm.ac.uk/discover/dino-directory/ornithomimus.html
200,orodromeus,euornithopod,makelai,Cretaceous,Late,North America,United States,herbivorous,2.0m,Dinosauria Ornithischia Genasauria Cerapoda Ornithopoda Euornithopoda,https://www.nhm.ac.uk/discover/dino-directory/orodromeus.html
201,oryctodromeus,euornithopod,cubicularis,Cretaceous,Late,North America,United States,herbivorous,2.1m,Dinosauria Ornithischia,https://www.nhm.ac.uk/discover/dino-directory/oryctodromeus.html
202,othnielia,euornithopod,rex,Jurassic,Late,North America,United States,herbivorous,1.4m,Dinosauria Ornithischia Genasauria Cerapoda Ornithopoda Euornithopoda,https://www.nhm.ac.uk/discover/dino-directory/othnielia.html
203,ouranosaurus,euornithopod,nigeriensis,Cretaceous,Early,Africa,Niger,herbivorous,7.0m,Dinosauria Ornithischia Genasauria Cerapoda Ornithopoda Euornithopoda Iguanadontia Euiguanadontia Dryomorpha Ankylopollexia Iguanodontoidea,https://www.nhm.ac.uk/discover/dino-directory/ouranosaurus.html
204,oviraptor,small theropod,philoceratops,Cretaceous,Late,Asia,Mongolia,omnivorous,2.0m,Dinosauria Saurischia Theropoda Neotheropoda Tetanurae Avetheropoda Coelurosauria Tyrannoraptora Maniraptoriformes Maniraptora Oviraptorosauria Caenagnathoidea Oviraptoridae Oviraptorinae,https://www.nhm.ac.uk/discover/dino-directory/oviraptor.html
205,pachycephalosaurus,euornithopod,wyomingensis,Cretaceous,Late,North America,United States,herbivorous,8.0m,Dinosauria Ornithischia Genasauria Cerapoda Marginocephalia Pachycephalosauria Goyocephala Homalocephaloidea Pachycephalosauridae,https://www.nhm.ac.uk/discover/dino-directory/pachycephalosaurus.html
206,pachyrhinosaurus,ceratopsian,canadensis,Cretaceous,Late,North America,Canada,herbivorous,6.0m,Dinosauria Ornithischia Genasauria Cerapoda Marginocephalia Ceratopsia Neoceratopsia Coronosauria Ceratopsidae Centrosaurinae,https://www.nhm.ac.uk/discover/dino-directory/pachyrhinosaurus.html
207,panoplosaurus,armoured dinosaur,mirus,Cretaceous,Late,North America,United States,herbivorous,7.0m,Dinosauria Ornithischia Genasauria Thyreophora Ankylosauromorpha Ankylosauria Nodosauridae,https://www.nhm.ac.uk/discover/dino-directory/panoplosaurus.html
208,pantydraco,euornithopod,caducus,Jurassic,Early,Europe,Wales,herbivorous,3.0m,Dinosauria Saurischia,https://www.nhm.ac.uk/discover/dino-directory/pantydraco.html
209,paralititan,sauropod,stromeri,Cretaceous,Late,Africa,Egypt,herbivorous,28.0m,Dinosauria Saurischia Sauropodomorpha Sauropoda Eusauropoda Neosauropoda Macronaria Camarasauromorpha Titanosauriformes Titanosauria Lithostrotia,https://www.nhm.ac.uk/discover/dino-directory/paralititan.html
210,parasaurolophus,euornithopod,walkeri,Cretaceous,Late,North America,United States,herbivorous,11.0m,Dinosauria Ornithischia Genasauria Cerapoda Ornithopoda Euornithopoda Iguanadontia Euiguanadontia Dryomorpha Ankylopollexia Iguanodontoidea Hadrosauridae Euhadrosauria Lambeosaurinae,https://www.nhm.ac.uk/discover/dino-directory/parasaurolophus.html
211,parksosaurus,euornithopod,warrenae,Cretaceous,Late,North America,Canada,herbivorous,3.0m,Dinosauria Ornithischia Genasauria Cerapoda Ornithopoda Euornithopoda,https://www.nhm.ac.uk/discover/dino-directory/parksosaurus.html
212,patagosaurus,sauropod,fariasi,Jurassic,Mid,South America,Argentina,herbivorous,18.0m,Dinosauria Saurischia Sauropodomorpha Sauropoda Eusauropoda Cetiosauridae,https://www.nhm.ac.uk/discover/dino-directory/patagosaurus.html
213,pelicanimimus,small theropod,polyodon,Cretaceous,Early,Europe,Spain,carnivorous,2.0m,Dinosauria Saurischia Theropoda Neotheropoda Tetanurae Avetheropoda Coelurosauria Tyrannoraptora Maniraptoriformes Ornithomimosauria,https://www.nhm.ac.uk/discover/dino-directory/pelicanimimus.html
214,pelorosaurus,sauropod,conybearei,Cretaceous,Early,Europe,United Kingdom,herbivorous,25.0m,Dinosauria Saurischia Sauropodomorpha Sauropoda Eusauropoda Neosauropoda Macronaria Camarasauromorpha Titanosauriformes,https://www.nhm.ac.uk/discover/dino-directory/pelorosaurus.html
215,pentaceratops,ceratopsian,sternbergi,Cretaceous,Late,North America,United States,herbivorous,6.8m,Dinosauria Ornithischia Genasauria Cerapoda Marginocephalia Ceratopsia Neoceratopsia Coronosauria Ceratopsidae Chasmosaurinae,https://www.nhm.ac.uk/discover/dino-directory/pentaceratops.html
216,piatnitzkysaurus,large theropod,floresi,Jurassic,Late,South America,Argentina,carnivorous,4.2m,Dinosauria Saurischia Theropoda Neotheropoda Tetanurae Spinosauroidea Megalosauridae Eustreptospondylinae,https://www.nhm.ac.uk/discover/dino-directory/piatnitzkysaurus.html
217,pinacosaurus,armoured dinosaur,grangeri,Cretaceous,Late,Asia,Mongolia,herbivorous,5.0m,Dinosauria Ornithischia Genasauria Thyreophora Ankylosauromorpha Ankylosauria Ankylosauridae,https://www.nhm.ac.uk/discover/dino-directory/pinacosaurus.html
218,plateosaurus,sauropod,engelhardti,Triassic,Late,Europe,Switzerland,herbivorous,7.0m,Dinosauria Saurischia Sauropodomorpha Prosauropoda Plateosauria Plateosauridae,https://www.nhm.ac.uk/discover/dino-directory/plateosaurus.html
219,podokesaurus,small theropod,holyokensis,Jurassic,Mid,North America,United States,carnivorous,0.9m,Dinosauria Saurischia Theropoda Neotheropoda Coelophysoidea,https://www.nhm.ac.uk/discover/dino-directory/podokesaurus.html
220,poekilopleuron,large theropod,bucklandii,Jurassic,Mid,Europe,France,carnivorous,9.0m,Dinosauria Saurischia Theropoda Neotheropoda Tetanurae Spinosauroidea Megalosauridae Megalosaurinae,https://www.nhm.ac.uk/discover/dino-directory/poekilopleuron.html
221,polacanthus,armoured dinosaur,foxii,Cretaceous,Early,Europe,United Kingdom,herbivorous,5.0m,Dinosauria Ornithischia Genasauria Thyreophora Ankylosauromorpha Ankylosauria,https://www.nhm.ac.uk/discover/dino-directory/polacanthus.html
222,prenocephale,euornithopod,prenes,Cretaceous,Late,Asia,Mongolia,herbivorous,2.4m,Dinosauria Ornithischia Genasauria Cerapoda Marginocephalia Pachycephalosauria Goyocephala Homalocephaloidea Pachycephalosauridae,https://www.nhm.ac.uk/discover/dino-directory/prenocephale.html
223,probactrosaurus,euornithopod,gobiensis,Cretaceous,Early,Asia,China,herbivorous,6.0m,Dinosauria Ornithischia Genasauria Cerapoda Ornithopoda Euornithopoda Iguanadontia Euiguanadontia Dryomorpha Ankylopollexia Iguanodontoidea,https://www.nhm.ac.uk/discover/dino-directory/probactrosaurus.html
224,proceratosaurus,small theropod,bradleyi,Jurassic,Mid,Europe,United Kingdom,carnivorous,4.1m,Dinosauria Saurischia Theropoda Neotheropoda Tetanurae Avetheropoda Coelurosauria,https://www.nhm.ac.uk/discover/dino-directory/proceratosaurus.html
225,procompsognathus,small theropod,triassicus,Triassic,Late,Europe,Germany,carnivorous,1.0m,Dinosauria Saurischia Theropoda Neotheropoda Coelophysoidea,https://www.nhm.ac.uk/discover/dino-directory/procompsognathus.html
226,prosaurolophus,euornithopod,maximus,Cretaceous,Late,North America,United States,herbivorous,7.6m,Dinosauria Ornithischia Genasauria Cerapoda Ornithopoda Euornithopoda Iguanadontia Euiguanadontia Dryomorpha Ankylopollexia Iguanodontoidea Hadrosauridae Euhadrosauria Hadrosaurinae,https://www.nhm.ac.uk/discover/dino-directory/prosaurolophus.html
227,protarchaeopteryx,small theropod,robusta,Cretaceous,Early,Asia,China,carnivorous,2.0m,Dinosauria Saurischia Theropoda Neotheropoda Tetanurae Avetheropoda Coelurosauria Tyrannoraptora Maniraptoriformes Maniraptora Paraves Eumaniraptora,https://www.nhm.ac.uk/discover/dino-directory/protarchaeopteryx.html
228,protoceratops,ceratopsian,andrewsi,Cretaceous,Late,Asia,Mongolia,herbivorous,1.8m,Dinosauria Ornithischia Genasauria Cerapoda Marginocephalia Ceratopsia Neoceratopsia Coronosauria,https://www.nhm.ac.uk/discover/dino-directory/protoceratops.html
229,protohadros,euornithopod,byrdi,Cretaceous,Late,North America,United States,herbivorous,6.0m,Dinosauria Ornithischia Genasauria Cerapoda Ornithopoda Euornithopoda Iguanadontia Euiguanadontia Dryomorpha Ankylopollexia Iguanodontoidea,https://www.nhm.ac.uk/discover/dino-directory/protohadros.html
230,psittacosaurus,ceratopsian,mongoliensis,Cretaceous,Early,Asia,Russia,herbivorous,2.0m,Dinosauria Ornithischia Genasauria Cerapoda Marginocephalia Ceratopsia Psittacosauridae,https://www.nhm.ac.uk/discover/dino-directory/psittacosaurus.html
231,quaesitosaurus,sauropod,orientalis,Cretaceous,Late,Asia,Mongolia,herbivorous,23.0m,Dinosauria Saurischia Sauropodomorpha Sauropoda Eusauropoda Neosauropoda Diplodocoidea Nemegtosauridae,https://www.nhm.ac.uk/discover/dino-directory/quaesitosaurus.html
232,rebbachisaurus,sauropod,garasbae,Cretaceous,Early,Africa,Morocco,herbivorous,20.0m,Dinosauria Saurischia Sauropodomorpha Sauropoda Eusauropoda Neosauropoda Diplodocoidea Rebbachisauridae,https://www.nhm.ac.uk/discover/dino-directory/rebbachisaurus.html
233,rhabdodon,euornithopod,priscus,Cretaceous,Late,Europe,Spain,herbivorous,4.0m,Dinosauria Ornithischia Genasauria Cerapoda Ornithopoda Euornithopoda Iguanadontia Rhabdodontidae,https://www.nhm.ac.uk/discover/dino-directory/rhabdodon.html
234,rhoetosaurus,sauropod,brownei,Jurassic,Mid,Oceania,Australia,herbivorous,15.0m,Dinosauria Saurischia Sauropodomorpha Sauropoda,https://www.nhm.ac.uk/discover/dino-directory/rhoetosaurus.html
235,rinchenia,small theropod,mongoliensis,Cretaceous,Late,Asia,Mongolia,omnivorous,2.5m,Dinosauria Saurischia Theropoda Neotheropoda Tetanurae Avetheropoda Coelurosauria Tyrannoraptora Maniraptoriformes Maniraptora Oviraptorosauria Caenagnathoidea Oviraptoridae Oviraptorinae,https://www.nhm.ac.uk/discover/dino-directory/rinchenia.html
236,riojasaurus,sauropod,incertus,Triassic,Late,South America,Argentina,herbivorous/omnivorous,5.15m,Dinosauria Saurischia Sauropodomorpha Prosauropoda Anchisauria Melanorosauridae,https://www.nhm.ac.uk/discover/dino-directory/riojasaurus.html
237,rugops,large theropod,primus,Cretaceous,Late,Africa,Niger,carnivorous,7.0m,Dinosauria Saurischia Theropoda Neotheropoda Ceratosauria Neoceratosauria Abelisauridae,https://www.nhm.ac.uk/discover/dino-directory/rugops.html
238,saichania,armoured dinosaur,chulsanensis,Cretaceous,Late,Asia,Mongolia,herbivorous,6.6m,Dinosauria Ornithischia Genasauria Thyreophora Ankylosauromorpha Ankylosauria Ankylosauridae,https://www.nhm.ac.uk/discover/dino-directory/saichania.html
239,saltasaurus,sauropod,loricatus,Cretaceous,Late,South America,Argentina,herbivorous,12.0m,Dinosauria Saurischia Sauropodomorpha Sauropoda Eusauropoda Neosauropoda Macronaria Camarasauromorpha Titanosauriformes Titanosauria Lithostrotia Saltasauridae,https://www.nhm.ac.uk/discover/dino-directory/saltasaurus.html
240,saltopus,small theropod,elginensis,Triassic,Late,Europe,United Kingdom,carnivorous,,Dinosauria,https://www.nhm.ac.uk/discover/dino-directory/saltopus.html
241,sarcosaurus,small theropod,woodi,Jurassic,Early,Europe,United Kingdom,carnivorous,3.0m,Dinosauria Saurischia Theropoda Neotheropoda Ceratosauria,https://www.nhm.ac.uk/discover/dino-directory/sarcosaurus.html
242,saurolophus,euornithopod,osborni,Cretaceous,Late,Asia,Mongolia,herbivorous,9.0m,Dinosauria Ornithischia Genasauria Cerapoda Ornithopoda Euornithopoda Iguanadontia Euiguanadontia Dryomorpha Ankylopollexia Iguanodontoidea Hadrosauridae Euhadrosauria Hadrosaurinae,https://www.nhm.ac.uk/discover/dino-directory/saurolophus.html
243,sauropelta,armoured dinosaur,edwardsorum,Cretaceous,Early,North America,United States,herbivorous,6.5m,Dinosauria Ornithischia Genasauria Thyreophora Ankylosauromorpha Ankylosauria Nodosauridae,https://www.nhm.ac.uk/discover/dino-directory/sauropelta.html
244,saurophaganax,large theropod,maximus,Jurassic,Late,North America,United States,carnivorous,12.0m,Dinosauria Saurischia Theropoda Neotheropoda Tetanurae Avetheropoda Carnosauria Allosauroidea Allosauridae,https://www.nhm.ac.uk/discover/dino-directory/saurophaganax.html
245,saurornithoides,small theropod,mongoliensis,Cretaceous,Late,Asia,Mongolia,carnivorous,3.0m,Dinosauria Saurischia Theropoda Neotheropoda Tetanurae Avetheropoda Coelurosauria Tyrannoraptora Maniraptoriformes Maniraptora Paraves Eumaniraptoria Troodontidae,https://www.nhm.ac.uk/discover/dino-directory/saurornithoides.html
246,scelidosaurus,armoured dinosaur,harrisonii,Jurassic,Early,Europe,United Kingdom,herbivorous,4.0m,Dinosauria Ornithischia Genasauria Thyreophora Scelidosauridae,https://www.nhm.ac.uk/discover/dino-directory/scelidosaurus.html
247,scutellosaurus,armoured dinosaur,lawleri,Jurassic,Early,North America,United States,herbivorous,1.2m,Dinosauria Ornithischia Genasauria Thyreophora,https://www.nhm.ac.uk/discover/dino-directory/scutellosaurus.html
248,secernosaurus,euornithopod,koerneri,Cretaceous,Late,South America,Argentina,herbivorous,3.0m,Dinosauria Ornithischia Genasauria Cerapoda Ornithopoda Euornithopoda Iguanadontia Euiguanadontia Dryomorpha Ankylopollexia Iguanodontoidea Hadrosauridae,https://www.nhm.ac.uk/discover/dino-directory/secernosaurus.html
249,segisaurus,small theropod,halli,Jurassic,Mid,North America,United States,carnivorous,1.5m,Dinosauria Saurischia Theropoda Neotheropoda Coelophysoidea Coelophysidae,https://www.nhm.ac.uk/discover/dino-directory/segisaurus.html
250,segnosaurus,large theropod,galbinensis,Cretaceous,Late,Asia,Mongolia,carnivorous,4.0m,Dinosauria Saurischia Theropoda Neotheropoda Tetanurae Avetheropoda Coelurosauria Tyrannoraptora Maniraptoriformes Maniraptora Therizinosauroidea Therizinosauridae,https://www.nhm.ac.uk/discover/dino-directory/segnosaurus.html
251,shamosaurus,armoured dinosaur,scutatus,Cretaceous,Early,Asia,Mongolia,herbivorous,,Dinosauria Ornithischia Genasauria Thyreophora Ankylosauromorpha Ankylosauria Ankylosauridae,https://www.nhm.ac.uk/discover/dino-directory/shamosaurus.html
252,shanag,small theropod,ashile,Cretaceous,Early,Asia,Mongolia,carnivorous,0.45m,Dinosauria Saurischia,https://www.nhm.ac.uk/discover/dino-directory/shanag.html
253,shantungosaurus,euornithopod,giganteus,Cretaceous,Late,Asia,China,herbivorous,15.0m,Dinosauria Ornithischia Genasauria Cerapoda Ornithopoda Euornithopoda Iguanadontia Euiguanadontia Dryomorpha Ankylopollexia Iguanodontoidea Hadrosauridae Euhadrosauria Hadrosaurinae,https://www.nhm.ac.uk/discover/dino-directory/shantungosaurus.html
254,shunosaurus,sauropod,lii,Jurassic,Mid,Asia,China,herbivorous,10.0m,Dinosauria Saurischia Sauropodomorpha Sauropoda Eusauropoda,https://www.nhm.ac.uk/discover/dino-directory/shunosaurus.html
255,shuvuuia,small theropod,deserti,Cretaceous,Late,Asia,Mongolia,omnivorous,0.6m,Dinosauria Saurischia Theropoda Neotheropoda Tetanurae Avetheropoda Coelurosauria Tyrannoraptora Maniraptoriformes Maniraptora Alvarezsauridae,https://www.nhm.ac.uk/discover/dino-directory/shuvuuia.html
256,silvisaurus,armoured dinosaur,condrayi,Cretaceous,Early,North America,United States,herbivorous,4.0m,Dinosauria Ornithischia Genasauria Thyreophora Ankylosauromorpha Ankylosauria Nodosauridae,https://www.nhm.ac.uk/discover/dino-directory/silvisaurus.html
257,sinocalliopteryx,small theropod,gigas,Cretaceous,Early,Asia,China,carnivorous,2.37m,Dinosauria Saurischia,https://www.nhm.ac.uk/discover/dino-directory/sinocalliopteryx.html
258,sinornithosaurus,small theropod,millenii,Cretaceous,Early,Asia,China,carnivorous,2.0m,Dinosauria Saurischia Theropoda Neotheropoda Tetanurae Avetheropoda Coelurosauria Tyrannoraptora Maniraptoriformes Maniraptora Paraves Eumaniraptora Dromaeosauridae,https://www.nhm.ac.uk/discover/dino-directory/sinornithosaurus.html
259,sinosauropteryx,small theropod,prima,Cretaceous,Early,Asia,China,carnivorous,1.0m,Dinosauria Saurischia Theropoda Neotheropoda Tetanurae Avetheropoda Coelurosauria Compsognathidae,https://www.nhm.ac.uk/discover/dino-directory/sinosauropteryx.html
260,sinovenator,small theropod,changii,Cretaceous,Early,Asia,China,carnivorous,1.0m,Dinosauria Saurischia Theropoda Neotheropoda Tetanurae Avetheropoda Coelurosauria Tyrannoraptora Maniraptoriformes Maniraptora Paraves Eumaniraptoria Troodontidae,https://www.nhm.ac.uk/discover/dino-directory/sinovenator.html
261,sinraptor,large theropod,hepingensis,Jurassic,Mid,Asia,China,carnivorous,7.6m,Dinosauria Saurischia Theropoda Neotheropoda Tetanurae Avetheropoda Carnosauria Allosauroidea Sinraptoridae,https://www.nhm.ac.uk/discover/dino-directory/sinraptor.html
262,sonidosaurus,sauropod,saihangaobiensis,Cretaceous,Late,Asia,China,herbivorous,9.0m,Dinosauria Saurischia Sauropodomorpha Sauropoda Eusauropoda Neosauropoda Macronaria Camarasauromorpha Titanosauriformes Titanosauria,https://www.nhm.ac.uk/discover/dino-directory/sonidosaurus.html
263,spinosaurus,large theropod,aegyptiacus,Cretaceous,Late,Africa,Morocco,carnivorous,18.0m,Dinosauria Saurischia Theropoda Neotheropoda Tetanurae Spinosauroidea Spinosauridae Spinosaurinae,https://www.nhm.ac.uk/discover/dino-directory/spinosaurus.html
264,staurikosaurus,large theropod,pricei,Triassic,Late,South America,Brazil,carnivorous,2.0m,Dinosauria Saurischia Theropoda Herrerasauridae,https://www.nhm.ac.uk/discover/dino-directory/staurikosaurus.html
265,stegoceras,euornithopod,validum,Cretaceous,Late,North America,United States,herbivorous,2.4m,Dinosauria Ornithischia Genasauria Cerapoda Marginocephalia Pachycephalosauria Goyocephala Homalocephaloidea Pachycephalosauridae,https://www.nhm.ac.uk/discover/dino-directory/stegoceras.html
266,stegosaurus,armoured dinosaur,armatus,Jurassic,Late,North America,United States,herbivorous,9.0m,Dinosauria Ornithischia Genasauria Thyreophora Stegosauria Stegosauridae Stegosaurinae,https://www.nhm.ac.uk/discover/dino-directory/stegosaurus.html
267,stenopelix,ceratopsian,valdensis,Cretaceous,Early,Europe,Germany,herbivorous,1.5m,Dinosauria Ornithischia Genasauria Cerapoda Marginocephalia Pachycephalosauria,https://www.nhm.ac.uk/discover/dino-directory/stenopelix.html
268,struthiomimus,small theropod,altus,Cretaceous,Late,North America,Canada,omnivorous,4.0m,Dinosauria Saurischia Theropoda Neotheropoda Tetanurae Avetheropoda Coelurosauria Tyrannoraptora Maniraptoriformes Ornithomimosauria Ornithomimidae,https://www.nhm.ac.uk/discover/dino-directory/struthiomimus.html
269,struthiosaurus,armoured dinosaur,austriacus,Cretaceous,Late,Europe,Spain,herbivorous,2.5m,Dinosauria Ornithischia Genasauria Thyreophora Ankylosauromorpha Ankylosauria Nodosauridae,https://www.nhm.ac.uk/discover/dino-directory/struthiosaurus.html
270,styracosaurus,ceratopsian,albertensis,Cretaceous,Late,North America,United States,herbivorous,5.5m,Dinosauria Ornithischia Genasauria Cerapoda Marginocephalia Ceratopsia Neoceratopsia Coronosauria Ceratopsidae Centrosaurinae,https://www.nhm.ac.uk/discover/dino-directory/styracosaurus.html
271,suchomimus,large theropod,tenerensis,Cretaceous,Early,Africa,Niger,carnivorous,11.0m,Dinosauria Saurischia Theropoda Neotheropoda Tetanurae Spinosauroidea Spinosauridae Baryonychinae,https://www.nhm.ac.uk/discover/dino-directory/suchomimus.html
272,supersaurus,sauropod,vivianae,Cretaceous,Early,North America,United States,herbivorous,35.0m,Dinosauria Saurischia Sauropodomorpha Sauropoda Eusauropoda Neosauropoda Diplodocoidea Diplodocidae,https://www.nhm.ac.uk/discover/dino-directory/supersaurus.html
273,talarurus,armoured dinosaur,plicatospineus,Cretaceous,Late,Asia,Mongolia,herbivorous,6.0m,Dinosauria Ornithischia Genasauria Thyreophora Ankylosauromorpha Ankylosauria Ankylosauridae,https://www.nhm.ac.uk/discover/dino-directory/talarurus.html
274,tanius,euornithopod,sinensis,Cretaceous,Late,Asia,China,herbivorous,,Dinosauria Ornithischia Genasauria Cerapoda Ornithopoda Euornithopoda Iguanadontia Euiguanadontia Dryomorpha Ankylopollexia Iguanodontoidea Hadrosauridae,https://www.nhm.ac.uk/discover/dino-directory/tanius.html
275,tarbosaurus,large theropod,bataar,Cretaceous,Late,Asia,Mongolia,carnivorous,10.0m,Dinosauria Saurischia Theropoda Neotheropoda Tetanurae Avetheropoda Coelurosauria Tyrannoraptora Tyrannosauroidea Tyrannosauridae Tyrannosaurinae,https://www.nhm.ac.uk/discover/dino-directory/tarbosaurus.html
276,tarchia,armoured dinosaur,gigantea,Cretaceous,Late,Asia,Mongolia,herbivorous,8.5m,Dinosauria Ornithischia Genasauria Thyreophora Ankylosauromorpha Ankylosauria Ankylosaurinae,https://www.nhm.ac.uk/discover/dino-directory/tarchia.html
277,telmatosaurus,euornithopod,transsylvanicus,Cretaceous,Late,Europe,Spain,herbivorous,5.0m,Dinosauria Ornithischia Genasauria Cerapoda Ornithopoda Euornithopoda Iguanadontia Euiguanadontia Dryomorpha Ankylopollexia Iguanodontoidea Hadrosauridae,https://www.nhm.ac.uk/discover/dino-directory/telmatosaurus.html
278,tenontosaurus,euornithopod,tillettorum,Cretaceous,Early,North America,United States,herbivorous,7.0m,Dinosauria Ornithischia Genasauria Cerapoda Ornithopoda Euornithopoda Iguanadontia,https://www.nhm.ac.uk/discover/dino-directory/tenontosaurus.html
279,thecodontosaurus,sauropod,antiquus,Triassic,Late,Europe,United Kingdom,omnivorous,2.5m,Dinosauria Saurischia Sauropodomorpha Prosauropoda,https://www.nhm.ac.uk/discover/dino-directory/thecodontosaurus.html
280,therizinosaurus,large theropod,cheloniformis,Cretaceous,Late,Asia,Mongolia,unknown,,Dinosauria Saurischia Theropoda Neotheropoda Tetanurae Avetheropoda Coelurosauria Tyrannoraptora Maniraptoriformes Maniraptora Therizinosauroidea Therizinosauridae,https://www.nhm.ac.uk/discover/dino-directory/therizinosaurus.html
281,thescelosaurus,euornithopod,neglectus,Cretaceous,Late,North America,United States,herbivorous,3.5m,Dinosauria Ornithischia Genasauria Cerapoda Ornithopoda Euornithopoda,https://www.nhm.ac.uk/discover/dino-directory/thescelosaurus.html
282,torosaurus,ceratopsian,latus,Cretaceous,Late,North America,United States,herbivorous,7.5m,Dinosauria Ornithischia Genasauria Cerapoda Marginocephalia Ceratopsia Neoceratopsia Coronosauria Ceratopsidae Chasmosaurinae,https://www.nhm.ac.uk/discover/dino-directory/torosaurus.html
283,torvosaurus,large theropod,tanneri,Jurassic,Late,North America,United States,carnivorous,10.0m,Dinosauria Saurischia Theropoda Neotheropoda Tetanurae Spinosauroidea Megalosauridae Megalosaurinae,https://www.nhm.ac.uk/discover/dino-directory/torvosaurus.html
284,triceratops,ceratopsian,horridus,Cretaceous,Late,North America,United States,herbivorous,9.0m,Dinosauria Ornithischia Genasauria Cerapoda Marginocephalia Ceratopsia Neoceratopsia Coronosauria Ceratopsidae Chasmosaurinae,https://www.nhm.ac.uk/discover/dino-directory/triceratops.html
285,troodon,small theropod,formosus,Cretaceous,Late,North America,United States,carnivorous,2.0m,Dinosauria Saurischia Theropoda Neotheropoda Tetanurae Avetheropoda Coelurosauria Tyrannoraptora Maniraptoriformes Maniraptora Paraves Eumaniraptoria Troodontidae,https://www.nhm.ac.uk/discover/dino-directory/troodon.html
286,tsagantegia,armoured dinosaur,longicranialis,Cretaceous,Late,Asia,Mongolia,herbivorous,,Dinosauria Ornithischia Genasauria Thyreophora Ankylosauromorpha Ankylosauria Ankylosauridae,https://www.nhm.ac.uk/discover/dino-directory/tsagantegia.html
287,tsintaosaurus,euornithopod,spinorhinus,Cretaceous,Late,Asia,China,herbivorous,12.0m,Dinosauria Ornithischia Genasauria Cerapoda Ornithopoda Euornithopoda Iguanadontia Euiguanadontia Dryomorpha Ankylopollexia Iguanodontoidea Hadrosauridae Euhadrosauria Lambeosaurinae,https://www.nhm.ac.uk/discover/dino-directory/tsintaosaurus.html
288,tuojiangosaurus,armoured dinosaur,multispinus,Jurassic,Late,Asia,China,herbivorous,7.0m,Dinosauria Ornithischia Genasauria Thyreophora Stegosauria Stegosauridae Stegosaurinae,https://www.nhm.ac.uk/discover/dino-directory/tuojiangosaurus.html
289,tylocephale,euornithopod,gilmorei,Cretaceous,Late,Asia,Mongolia,herbivorous,1.4m,Dinosauria Ornithischia Genasauria Cerapoda Marginocephalia Pachycephalosauria Goyocephala Homalocephaloidea Pachycephalosauridae,https://www.nhm.ac.uk/discover/dino-directory/tylocephale.html
290,tyrannosaurus,large theropod,rex,Cretaceous,Late,North America,United States,carnivorous,12.0m,Dinosauria Saurischia Theropoda Neotheropoda Tetanurae Avetheropoda Coelurosauria Tyrannoraptora Tyrannosauroidea Tyrannosauridae Tyrannosaurinae,https://www.nhm.ac.uk/discover/dino-directory/tyrannosaurus.html
291,udanoceratops,ceratopsian,tschizhovi,Cretaceous,Late,Asia,Mongolia,herbivorous,,Dinosauria Ornithischia Genasauria Cerapoda Marginocephalia Ceratopsia Neoceratopsia,https://www.nhm.ac.uk/discover/dino-directory/udanoceratops.html
292,unenlagia,small theropod,comahuensis,Cretaceous,Late,South America,Argentina,carnivorous,2.4m,Dinosauria Saurischia Theropoda Neotheropoda Tetanurae Avetheropoda Coelurosauria Tyrannoraptora Maniraptoriformes Maniraptora Paraves Eumaniraptora Dromaeosauridae,https://www.nhm.ac.uk/discover/dino-directory/unenlagia.html
293,urbacodon,small theropod,itemirensis,Cretaceous,Late,Asia,Uzbekistan,carnivorous,1.0m,Dinosauria Saurischia,https://www.nhm.ac.uk/discover/dino-directory/urbacodon.html
294,utahraptor,large theropod,ostrommaysorum,Cretaceous,Early,North America,United States,carnivorous,6.0m,Dinosauria Saurischia Theropoda Neotheropoda Tetanurae Avetheropoda Coelurosauria Tyrannoraptora Maniraptoriformes Maniraptora Paraves Eumaniraptora Dromaeosauridae,https://www.nhm.ac.uk/discover/dino-directory/utahraptor.html
295,valdosaurus,euornithopod,canaliculatus,Cretaceous,Early,Europe,United Kingdom,herbivorous,3.0m,Dinosauria Ornithischia Genasauria Cerapoda Ornithopoda Euornithopoda Iguanadontia Euiguanadontia Dryomorpha Dryosauridae,https://www.nhm.ac.uk/discover/dino-directory/valdosaurus.html
296,velociraptor,small theropod,mongoliensis,Cretaceous,Late,Asia,Mongolia,carnivorous,1.8m,Dinosauria Saurischia Theropoda Neotheropoda Tetanurae Avetheropoda Coelurosauria Tyrannoraptora Maniraptoriformes Maniraptora Paraves Eumaniraptora Dromaeosauridae,https://www.nhm.ac.uk/discover/dino-directory/velociraptor.html
297,vulcanodon,sauropod,karibaensis,Jurassic,Early,Africa,Zimbabwe,herbivorous,6.5m,Dinosauria Saurischia Sauropodomorpha Sauropoda Vulcanodontidae,https://www.nhm.ac.uk/discover/dino-directory/vulcanodon.html
298,yandusaurus,euornithopod,hongheensis,Jurassic,Mid,Asia,China,herbivorous,3.0m,Dinosauria Ornithischia Genasauria Cerapoda Ornithopoda Euornithopoda,https://www.nhm.ac.uk/discover/dino-directory/yandusaurus.html
299,yangchuanosaurus,large theropod,shangyouensis,Jurassic,Late,Asia,China,carnivorous,10.0m,Dinosauria Saurischia Theropoda Neotheropoda Tetanurae Avetheropoda Carnosauria Allosauroidea Sinraptoridae,https://www.nhm.ac.uk/discover/dino-directory/yangchuanosaurus.html
300,yimenosaurus,sauropod,youngi,Jurassic,Early,Asia,China,herbivorous,9.0m,Dinosauria Saurischia Sauropodomorpha Prosauropoda,https://www.nhm.ac.uk/discover/dino-directory/yimenosaurus.html
301,yingshanosaurus,armoured dinosaur,jichuanensis,Jurassic,Late,Asia,China,herbivorous,,Dinosauria Ornithischia Genasauria Thyreophora Stegosauria,https://www.nhm.ac.uk/discover/dino-directory/yingshanosaurus.html
302,yinlong,ceratopsian,downsi,Jurassic,Mid,Asia,China,herbivorous,1.2m,Dinosauria Ornithischia Genasauria Cerapoda Marginocephalia Ceratopsia,https://www.nhm.ac.uk/discover/dino-directory/yinlong.html
303,yuanmousaurus,sauropod,jiangyiensis,Jurassic,Mid,Asia,China,herbivorous,17.0m,Dinosauria Saurischia Sauropodomorpha Sauropoda Eusauropoda,https://www.nhm.ac.uk/discover/dino-directory/yuanmousaurus.html
304,yunnanosaurus,sauropod,huangi,Jurassic,Early,Asia,China,omnivorous,7.0m,Dinosauria Saurischia Sauropodomorpha Prosauropoda Plateosauria,https://www.nhm.ac.uk/discover/dino-directory/yunnanosaurus.html
305,zalmoxes,euornithopod,robustus,Cretaceous,Late,Europe,Romania,herbivorous,3.0m,Dinosauria Ornithischia Genasauria Cerapoda Ornithopoda Euornithopoda Iguanadontia Rhabdodontidae,https://www.nhm.ac.uk/discover/dino-directory/zalmoxes.html
306,zephyrosaurus,euornithopod,schaffi,Cretaceous,Early,North America,United States,herbivorous,1.8m,Dinosauria Ornithischia Genasauria Cerapoda Ornithopoda Euornithopoda,https://www.nhm.ac.uk/discover/dino-directory/zephyrosaurus.html
307,zuniceratops,ceratopsian,christopheri,Cretaceous,Late,North America,United States,herbivorous,,Dinosauria Ornithischia Genasauria Cerapoda Marginocephalia Ceratopsia Neoceratopsia Coronosauria,https://www.nhm.ac.uk/discover/dino-directory/zuniceratops.html
